Top queries,Clicks,Impressions,CTR,Position
犹太人,424,8939,0.0474,5.34
我的奋斗,320,5006,0.0639,4.96
希特勒,142,17472,0.0081,6.07
ss,139,46851,0.003,3.82
希特勒演讲,100,177,0.565,2.04
第一次世界大战,90,4947,0.0182,3.1
holocaust,90,1466,0.0614,2.21
雅利安人,89,2024,0.044,4.27
犹太人为什么被歧视,82,159,0.5157,1.42
万湖会议,77,705,0.1092,2.9
kristallnacht,73,220,0.3318,1.66
nuremberg laws,65,123,0.5285,1.11
奥斯维辛,63,404,0.1559,3.25
holocaust encyclopedia,63,63,1.0,1.0
the holocaust,55,158,0.3481,1.56
奥斯维辛集中营,54,182,0.2967,3.23
犹太人为什么被迫害,52,101,0.5149,3.81
卐,51,435,0.1172,1.3
纳粹,48,5500,0.0087,6.14
nazi propaganda,41,101,0.4059,1.07
第二次世界大战,39,4126,0.0095,3.91
柏林奥运会,39,86,0.4535,2.0
二战,38,5328,0.0071,5.92
党卫军,37,635,0.0583,2.79
armenian genocide,37,108,0.3426,2.44
盖世太保,30,575,0.0522,4.06
安乐死,29,1035,0.028,6.62
judaism,27,361,0.0748,4.14
反犹太主义,26,225,0.1156,3.85
犹太,26,170,0.1529,5.41
二战时间线,26,36,0.7222,2.03
the final solution,25,51,0.4902,1.33
一战,24,2199,0.0109,5.42
轴心国,23,663,0.0347,4.03
mein kampf,23,413,0.0557,3.92
集中营,22,151,0.1457,4.09
纳粹标志,21,270,0.0778,3.11
auschwitz,19,178,0.1067,4.2
希特靳为什么要杀犹太人,19,25,0.76,2.16
第一次世界大战的原因,18,24,0.75,1.42
世界大战,17,317,0.0536,3.2
水晶之夜,17,264,0.0644,2.44
ghettos,17,49,0.3469,1.27
final solution,17,43,0.3953,1.65
纽伦堡审判,17,35,0.4857,3.29
苏联,16,6787,0.0024,8.11
第一次世界大战起因,16,25,0.64,1.12
希特勒的演讲,16,21,0.7619,2.24
辛德勒,15,90,0.1667,4.54
weimar republic,15,80,0.1875,2.08
凡尔赛条约,15,76,0.1974,4.47
kristallnacht definition,15,36,0.4167,1.39
第一次世界大战导火索,15,21,0.7143,1.0
first they came for,15,21,0.7143,1.52
二战时间,14,175,0.08,2.31
invasion of poland,14,81,0.1728,4.04
einsatzgruppen,14,36,0.3889,2.28
希特勒 我的奋斗,14,26,0.5385,3.23
concentration camps,14,24,0.5833,1.42
纳粹集中营,14,24,0.5833,2.79
轴心国与同盟国,14,20,0.7,3.0
希特勒为什么杀犹太人,14,18,0.7778,2.06
希特勒为什么要杀犹太人,14,15,0.9333,2.2
aryan,13,95,0.1368,4.37
josef mengele,13,35,0.3714,2.0
reichstag fire,13,35,0.3714,2.23
第二次世界大战起因,13,20,0.65,1.65
how many people died in the holocaust,13,18,0.7222,1.06
纳粹集中营电影,13,18,0.7222,1.5
一战原因,13,18,0.7222,1.67
二战轴心国,13,16,0.8125,1.19
奥运会,12,3474,0.0035,9.81
第三帝国,12,84,0.1429,4.63
darfur genocide,12,22,0.5455,2.09
warsaw ghetto uprising,12,17,0.7059,1.12
first they came for the socialists,12,13,0.9231,1.0
希特勒上台,12,13,0.9231,1.23
为什么犹太人会被歧视,12,13,0.9231,1.46
anne frank,11,643,0.0171,10.45
yellow star,11,433,0.0254,3.42
乌克兰犹太人,11,237,0.0464,6.44
屠杀,11,42,0.2619,4.79
德国奥运会,11,24,0.4583,2.67
aryan race,11,22,0.5,2.32
hitler speech,11,18,0.6111,3.5
犹太女人,11,17,0.6471,2.71
一战爆发原因,11,15,0.7333,1.0
希特勒 演讲,11,13,0.8462,1.85
犹太猪,11,13,0.8462,4.0
adolf hitler,10,1460,0.0068,9.74
swastika,10,937,0.0107,6.0
oskar schindler,10,67,0.1493,5.0
种族灭绝,10,54,0.1852,3.78
blitzkrieg,10,35,0.2857,1.49
1936年柏林奥运会,10,23,0.4348,1.09
the nuremberg law,10,22,0.4545,1.05
齐克隆b,10,20,0.5,3.4
犹太人大屠杀,10,16,0.625,3.12
the holocaust encyclopedia,10,14,0.7143,1.0
the enabling act,10,14,0.7143,1.14
一战起因,10,12,0.8333,1.33
我的奋斗 希特勒,10,11,0.9091,2.91
反犹,9,54,0.1667,4.26
spanish civil war,9,49,0.1837,4.24
闪击波兰,9,44,0.2045,3.84
阿道夫希特勒,9,23,0.3913,4.91
华沙起义,9,20,0.45,4.45
mengele,9,17,0.5294,2.94
blood libel,9,16,0.5625,2.0
达豪集中营,9,16,0.5625,2.62
nuremburg laws,9,12,0.75,1.25
how many people did hitler kill,9,11,0.8182,1.0
wannsee conference,9,11,0.8182,2.18
奥斯威辛集中营,9,11,0.8182,2.18
希特勒 犹太人,9,10,0.9,1.9
德国为什么杀犹太人,9,9,1.0,1.78
毒气室,9,9,1.0,2.44
吉普赛人,8,918,0.0087,8.98
戈培尔,8,674,0.0119,5.86
反犹主义,8,89,0.0899,4.43
闪电战,8,43,0.186,5.02
反犹太,8,38,0.2105,3.74
艾希曼,8,23,0.3478,3.96
我的奋斗希特勒,8,16,0.5,3.81
appeasement policy,8,10,0.8,1.0
evian conference,8,9,0.8889,1.0
how many jews did hitler kill,8,9,0.8889,1.0
一战的根本原因,8,9,0.8889,1.0
the protocols of the elders of zion,8,9,0.8889,1.56
奥斯维辛毒气室,8,8,1.0,1.0
white rose movement,8,8,1.0,2.38
纳粹德国,7,273,0.0256,2.79
russian revolution,7,179,0.0391,6.94
同性恋,7,84,0.0833,14.94
gestapo,7,37,0.1892,4.16
苏德互不侵犯条约,7,29,0.2414,2.1
heinrich himmler,7,25,0.28,2.72
雅利安,7,21,0.3333,3.76
纳粹符号,7,17,0.4118,1.82
gypsies,7,15,0.4667,4.13
hitler youth,7,13,0.5385,2.08
1936年奥运会,7,13,0.5385,2.15
隔都,7,10,0.7,1.0
홀로코스트,7,10,0.7,2.2
纳粹主义,7,10,0.7,5.5
enabling act,7,9,0.7778,1.78
希特勒为什么屠杀犹太人,7,9,0.7778,2.11
dr mengele,7,9,0.7778,2.44
德国为什么要杀犹太人,7,8,0.875,2.12
二战历史,7,8,0.875,2.38
希特勒我的奋斗,7,8,0.875,3.5
雅利安人种,7,8,0.875,3.88
nuremberg law,7,7,1.0,1.29
同盟国和协约国,7,7,1.0,1.43
第二次世界大战时间线,7,7,1.0,1.86
希特勒演讲内容,7,7,1.0,2.14
hitler,6,4039,0.0015,9.74
treaty of versailles,6,541,0.0111,9.33
第二次世界大戰,6,224,0.0268,2.86
魏玛共和国,6,194,0.0309,8.14
德意志第三帝国,6,91,0.0659,3.65
appeasement,6,85,0.0706,4.84
巴巴罗萨计划,6,68,0.0882,5.71
大屠杀,6,51,0.1176,3.98
德奥合并,6,33,0.1818,2.52
munich agreement,6,20,0.3,2.6
猶太人,6,14,0.4286,7.14
waffen ss,6,13,0.4615,3.46
ww2 timeline,6,13,0.4615,4.62
纳粹奥运会,6,11,0.5455,1.18
罗姆人,6,10,0.6,8.4
卐 meaning,6,9,0.6667,1.22
同盟国与轴心国,6,9,0.6667,1.56
nazi concentration camps,6,9,0.6667,2.22
卐卐卐卐,6,8,0.75,1.0
holocaust timeline,6,8,0.75,1.25
reichstag fire decree,6,8,0.75,1.5
希特勒屠杀犹太人,6,8,0.75,1.75
集中营电影,6,8,0.75,2.0
hitler and the 1936 olympics,6,8,0.75,2.12
希特勒为什么要屠杀犹太人,6,8,0.75,2.25
德国纳粹,6,8,0.75,3.25
protocols of the elders of zion,6,7,0.8571,2.0
纽伦堡法案,6,7,0.8571,2.29
lebensborn,6,7,0.8571,3.14
犹太人分布,6,7,0.8571,4.0
我的奋斗中文版pdf,6,7,0.8571,19.0
how many people hitler killed,6,6,1.0,1.0
nazi camps,6,6,1.0,1.0
war guilt clause,6,6,1.0,1.0
liberation of concentration camps,6,6,1.0,1.17
how many jews were killed in the holocaust,6,6,1.0,1.83
哈瓦拉协议,6,6,1.0,2.17
犹太人口,6,6,1.0,2.17
shanghai ghetto,6,6,1.0,2.67
为什么犹太人被迫害,6,6,1.0,3.33
第二次世界大戦 年表,6,6,1.0,4.67
karl marx,5,394,0.0127,12.78
一战导火索,5,74,0.0676,4.58
leni riefenstahl,5,33,0.1515,5.21
lebensraum,5,32,0.1562,2.47
二战结束,5,19,0.2632,1.53
希特勒青年团,5,14,0.3571,3.21
女集中营,5,13,0.3846,6.0
屠杀犹太人,5,12,0.4167,2.17
what was the holocaust,5,11,0.4545,1.18
一战同盟国,5,11,0.4545,2.45
raoul wallenberg,5,11,0.4545,3.45
himmler,5,11,0.4545,5.18
借阅我的奮鬥,5,11,0.4545,7.27
the nuremberg laws,5,10,0.5,1.4
chiune sugihara,5,10,0.5,2.8
german expansion timeline,5,9,0.5556,1.0
babi yar,5,9,0.5556,2.22
阿道夫·艾希曼,5,9,0.5556,3.0
ww2 map,5,8,0.625,1.0
bergen-belsen concentration camp,5,8,0.625,1.38
great depression germany,5,8,0.625,1.5
how many jews died in ww2,5,8,0.625,1.5
what was the final solution,5,7,0.7143,1.0
night of broken glass,5,7,0.7143,1.14
nazi soviet pact,5,7,0.7143,1.29
美国大屠杀,5,7,0.7143,1.43
children in the holocaust,5,6,0.8333,1.0
nazi racism,5,6,0.8333,1.0
"when we refer to the ""holocaust"", what time period are we talking about?",5,6,0.8333,1.0
一战参战国,5,6,0.8333,1.0
第一次世界大战参战国,5,6,0.8333,1.0
纳粹毒气室,5,6,0.8333,1.0
the reichstag fire,5,6,0.8333,1.17
欧洲为什么反犹,5,6,0.8333,1.83
ジェノサイドとは,5,6,0.8333,2.67
希特勒演讲视频,5,6,0.8333,3.17
最终解决方案,5,6,0.8333,3.5
dachau concentration camp,5,6,0.8333,3.83
nazi experiments,5,5,1.0,1.6
hitler's foreign policy,5,5,1.0,1.8
犹太人为什么被杀,5,5,1.0,2.2
乌斯塔沙,5,5,1.0,2.4
第一次世界大戰起因,5,5,1.0,2.4
纳粹为什么要杀犹太人,5,5,1.0,3.0
hermann goering,5,5,1.0,5.8
nazi,4,1637,0.0024,7.5
纽伦堡,4,300,0.0133,7.93
乌克兰 犹太人,4,91,0.044,6.05
反犹太法案,4,82,0.0488,14.44
反犹法案,4,60,0.0667,16.45
兴登堡,4,59,0.0678,8.2
纳粹党,4,51,0.0784,7.27
nazi germany,4,43,0.093,7.09
when did ww2 start,4,36,0.1111,1.03
德国停战协议,4,27,0.1481,6.89
when did world war 2 start,4,18,0.2222,1.0
alfred rosenberg,4,17,0.2353,3.41
anschluss,4,17,0.2353,4.18
adolf eichmann,4,15,0.2667,4.53
axis powers,4,14,0.2857,1.0
纳粹大屠杀,4,14,0.2857,3.14
dachau,4,14,0.2857,4.0
猶太人大屠殺,4,13,0.3077,2.85
アウシュヴィッツ,4,13,0.3077,4.54
anti jewish propaganda,4,12,0.3333,1.0
reinhard heydrich,4,12,0.3333,5.0
军队强奸,4,11,0.3636,6.27
dietrich bonhoeffer,4,11,0.3636,6.55
我的奮鬥,4,11,0.3636,8.45
卢旺达种族灭绝,4,11,0.3636,8.55
the eternal jew,4,10,0.4,2.2
what was the estimated number of jews killed during the holocaust?,4,9,0.4444,1.0
二战开始时间,4,9,0.4444,2.56
犹太布尔什维克,4,9,0.4444,4.78
吉卜赛人,4,9,0.4444,7.44
强奸视频,4,9,0.4444,29.0
第一次魔法世界大战,4,9,0.4444,33.44
world war 2 map,4,8,0.5,1.0
第二次世界大战时间,4,8,0.5,1.0
what was the nazi party,4,8,0.5,1.12
bergen belsen,4,8,0.5,1.38
armenia genocide,4,8,0.5,2.88
优生学,4,8,0.5,3.62
what are ghettos,4,7,0.5714,1.0
what is the final solution,4,7,0.5714,1.0
yitzhak balsam,4,7,0.5714,1.0
ホロコーストとは,4,7,0.5714,1.71
enabling act hitler,4,7,0.5714,2.14
nazi foreign policy,4,6,0.6667,1.0
rescue in denmark,4,6,0.6667,1.0
night of the broken glass,4,6,0.6667,1.17
who were the nazi party,4,6,0.6667,1.67
希特勒犹太人,4,6,0.6667,2.0
nazi concentration camp,4,6,0.6667,2.17
mein kampf中文,4,6,0.6667,2.67
pogroms,4,6,0.6667,2.67
ghettos holocaust,4,5,0.8,1.0
how did the international community respond to the holocaust,4,5,0.8,1.0
jewish ghettos,4,5,0.8,1.0
women during the holocaust,4,5,0.8,1.0
german invasion of poland,4,5,0.8,1.4
mein kampf 中文,4,5,0.8,1.4
碎玻璃之夜,4,5,0.8,1.4
enabling act of 1933,4,5,0.8,1.6
first they came for quote,4,5,0.8,1.6
international military tribunal,4,5,0.8,1.8
第一次世界大戦,4,5,0.8,1.8
munich putsch,4,5,0.8,2.0
theresienstadt,4,5,0.8,2.2
人民观察家,4,5,0.8,3.8
euthanasia program,4,4,1.0,1.0
how many children died in the holocaust,4,4,1.0,1.0
how many jews were killed by hitler,4,4,1.0,1.0
jewish resistance,4,4,1.0,1.0
nazi censorship,4,4,1.0,1.0
operation reinhard,4,4,1.0,1.0
policy of appeasement,4,4,1.0,1.0
volkswagen nazi,4,4,1.0,1.0
一战爆发的原因,4,4,1.0,1.0
二战犹太女人,4,4,1.0,1.0
the armenian genocide,4,4,1.0,1.25
what is the aryan race,4,4,1.0,1.5
hadamar,4,4,1.0,2.0
jewish partisans,4,4,1.0,2.0
kindertransport,4,4,1.0,2.0
德国犹太人,4,4,1.0,2.0
第二次世界大战的起因,4,4,1.0,2.0
为什么屠杀犹太人,4,4,1.0,2.25
犹太人对德国做了什么,4,4,1.0,2.25
德国进攻苏联,4,4,1.0,2.5
德国人为什么杀犹太人,4,4,1.0,2.75
希特勒演讲原文,4,4,1.0,3.0
布痕瓦尔德集中营,4,4,1.0,3.75
adolf hitler speech,4,4,1.0,4.0
hitler speech in german,4,4,1.0,4.0
德国闪电战,4,4,1.0,4.25
雅利安人起源,4,4,1.0,4.25
how did holocaust survivors cope,4,4,1.0,5.0
希特勒演讲稿,4,4,1.0,5.0
antisemitism,3,218,0.0138,5.39
第一次世界大戰,3,64,0.0469,2.38
ヒトラー,3,17,0.1765,6.35
how did hitler rise to power,3,15,0.2,4.67
约瑟夫,3,15,0.2,9.33
who were the primary targets of the holocaust?,3,14,0.2143,1.0
what is holocaust,3,14,0.2143,3.21
rudolf hess,3,13,0.2308,8.54
种族主义,3,11,0.2727,5.64
珍珠港,3,11,0.2727,11.91
auschwitz-birkenau,3,10,0.3,7.0
ravensbruck,3,9,0.3333,1.67
nuremberg laws definition,3,8,0.375,2.0
nazi ss,3,8,0.375,2.12
ss meaning,3,8,0.375,2.12
纳粹旗帜,3,8,0.375,2.5
埃利威塞尔基金会,3,8,0.375,4.25
первая мировая война,3,8,0.375,5.62
納粹,3,8,0.375,5.75
凡尔赛和约,3,8,0.375,5.88
卢旺达,3,8,0.375,14.75
卡尔弗兰克绞刑,3,8,0.375,17.38
bartali,3,7,0.4286,4.29
inge auerbacher,3,6,0.5,1.0
what is kristallnacht,3,6,0.5,1.0
ss nazi,3,6,0.5,1.67
joseph mengele,3,6,0.5,1.83
jewish holocaust,3,6,0.5,2.17
反犹太人,3,6,0.5,3.0
犹太大屠杀,3,6,0.5,3.17
svastica,3,6,0.5,3.5
nazi ideology,3,6,0.5,3.67
the bolshevik revolution,3,6,0.5,6.5
children during holocaust,3,5,0.6,1.0
hitler propaganda,3,5,0.6,1.0
nazi book burning,3,5,0.6,1.0
la primera guerra mundial,3,5,0.6,1.4
第一次世界大战的导火索,3,5,0.6,2.2
起初他们,3,5,0.6,2.4
dachau camp,3,5,0.6,2.8
hitler's foreign policy aims,3,5,0.6,3.2
二战德国,3,5,0.6,3.4
swastika origin,3,5,0.6,3.8
苏德互不侵犯,3,5,0.6,4.2
德国纳粹为什么杀犹太人,3,5,0.6,7.6
无痛死亡,3,5,0.6,21.2
"how did some non-jews oppose hitler's ""final solution""?",3,4,0.75,1.0
jewish ghetto,3,4,0.75,1.0
nelly adler,3,4,0.75,1.0
アウシュビッツ,3,4,0.75,1.0
what is the armenian genocide,3,4,0.75,1.25
babi yar massacre,3,4,0.75,1.5
sobibor,3,4,0.75,1.5
world war ii in europe,3,4,0.75,1.5
how many jews died in the holocaust,3,4,0.75,1.75
paragraph 175,3,4,0.75,1.75
凡尔赛条约对德国的影响,3,4,0.75,2.0
геноцид армян,3,4,0.75,2.25
二战开始,3,4,0.75,2.25
奧斯威辛集中營,3,4,0.75,2.5
goebbels propaganda,3,4,0.75,2.75
2차 세계대전,3,4,0.75,3.0
aftermath of ww1,3,4,0.75,3.0
二战德国停战协议,3,4,0.75,3.0
苏德瓜分波兰,3,4,0.75,3.0
世界大戰,3,4,0.75,3.25
世界战争,3,4,0.75,3.25
纳粹德国国旗,3,4,0.75,3.25
奥斯卡·辛德勒,3,4,0.75,3.5
萬湖會議,3,4,0.75,3.5
犹太主义,3,4,0.75,3.75
凡尔赛合约,3,4,0.75,4.0
纳粹为什么杀犹太人,3,4,0.75,4.0
progrom,3,4,0.75,4.25
shanghai jewish ghetto,3,4,0.75,4.25
zyklon b,3,4,0.75,4.25
一战协约国,3,4,0.75,4.5
奥斯卡辛德勒,3,4,0.75,5.25
二次世界大战,3,4,0.75,5.5
adolphe arnold,3,3,1.0,1.0
after the holocaust,3,3,1.0,1.0
and then they came for me,3,3,1.0,1.0
auschwitz layout,3,3,1.0,1.0
censorship in nazi germany,3,3,1.0,1.0
eichmann trial,3,3,1.0,1.0
final solution ww2,3,3,1.0,1.0
genocide during holocaust,3,3,1.0,1.0
hitler youth knife,3,3,1.0,1.0
holocaust camps,3,3,1.0,1.0
holocaust experiments,3,3,1.0,1.0
holocaust map,3,3,1.0,1.0
how many jews killed in holocaust,3,3,1.0,1.0
how many people died from the holocaust,3,3,1.0,1.0
how many people killed hitler,3,3,1.0,1.0
lebensborn program,3,3,1.0,1.0
liquidation of the ghettos,3,3,1.0,1.0
map of concentration camp locations,3,3,1.0,1.0
nazi propaganda and censorship,3,3,1.0,1.0
nazi propoganda,3,3,1.0,1.0
propaganda in nazi germany,3,3,1.0,1.0
sudetenland map,3,3,1.0,1.0
the kristallnacht,3,3,1.0,1.0
vel d'hiv,3,3,1.0,1.0
what was the final solution to the jewish question,3,3,1.0,1.0
world war 2 in europe,3,3,1.0,1.0
二战结束时间,3,3,1.0,1.0
二戰結束,3,3,1.0,1.0
德國第三帝國,3,3,1.0,1.0
水晶之夜事件,3,3,1.0,1.0
第二次世界大战谁赢了,3,3,1.0,1.0
第二次世界大戦の日本,3,3,1.0,1.0
纳粹杀了多少犹太人,3,3,1.0,1.0
1936奥运会,3,3,1.0,1.33
1936柏林奥运会,3,3,1.0,1.33
first they came for the,3,3,1.0,1.33
gas the jews,3,3,1.0,1.33
holocaust death toll,3,3,1.0,1.33
nazi camp,3,3,1.0,1.33
nazi photo,3,3,1.0,1.33
the warsaw ghetto uprising,3,3,1.0,1.33
women in the holocaust,3,3,1.0,1.33
一战后的德国,3,3,1.0,1.33
gurs,3,3,1.0,1.67
holocaust artifacts,3,3,1.0,1.67
impact of the holocaust,3,3,1.0,1.67
nazi holocaust,3,3,1.0,1.67
primera guerra mundial,3,3,1.0,1.67
start of ww2,3,3,1.0,1.67
what is final solution,3,3,1.0,1.67
为什么要屠杀犹太人,3,3,1.0,1.67
chelmno,3,3,1.0,2.0
holocaust victims,3,3,1.0,2.0
二战战役,3,3,1.0,2.0
德国一战赔款,3,3,1.0,2.0
波兰集中营,3,3,1.0,2.0
date of holocaust,3,3,1.0,2.33
martin niemoller,3,3,1.0,2.33
ホロコースト,3,3,1.0,2.33
奥斯威辛,3,3,1.0,2.33
德国入侵波兰,3,3,1.0,2.33
the gestapo,3,3,1.0,2.67
йозеф менгеле,3,3,1.0,2.67
第一次世界大战的根本原因,3,3,1.0,2.67
德国闪击波兰,3,3,1.0,3.0
德国集中营,3,3,1.0,3.0
意大利二战,3,3,1.0,3.0
二战停战协议,3,3,1.0,3.33
德国二战,3,3,1.0,3.33
nazi germany map,3,3,1.0,4.0
world war 2 timeline,3,3,1.0,4.0
hitler's speech,3,3,1.0,4.33
lvov,3,3,1.0,4.33
willem arondeus,3,3,1.0,4.33
纳粹电影,3,3,1.0,4.67
히틀러,3,3,1.0,5.0
1914年,3,3,1.0,5.33
强奸照片,3,3,1.0,5.33
萨克森豪森集中营,3,3,1.0,6.0
我的奋斗英文版pdf,3,3,1.0,6.67
阿明侯赛尼,3,3,1.0,7.67
我的奋斗中文版,3,3,1.0,9.67
我的奋斗电子版,3,3,1.0,12.33
lenin,3,3,1.0,14.0
希特勒演讲原声,3,3,1.0,29.0
华沙,2,1067,0.0019,9.65
genocide,2,865,0.0023,6.27
ww2,2,570,0.0035,8.54
阿道夫,2,383,0.0052,8.79
杜鲁门,2,297,0.0067,9.07
辛德勒的名单,2,76,0.0263,11.72
fascism,2,64,0.0312,10.03
犹太人 乌克兰,2,62,0.0323,9.0
pogrom,2,59,0.0339,3.93
夏季奧林匹克運動會,2,56,0.0357,12.7
绥靖政策,2,55,0.0364,4.78
gas chamber,2,34,0.0588,6.41
阿道夫·希特勒,2,33,0.0606,5.82
犹太人乌克兰,2,31,0.0645,7.81
波兰,2,29,0.069,23.0
night of the long knives,2,26,0.0769,7.65
munich conference,2,24,0.0833,4.71
卡尔,2,24,0.0833,8.38
свастика,2,22,0.0909,5.55
pogrom meaning,2,21,0.0952,5.05
goebbels,2,20,0.1,7.4
joseph goebbels,2,19,0.1053,5.63
卢旺达大屠杀,2,19,0.1053,10.11
同盟国,2,17,0.1176,6.18
schutzstaffel,2,14,0.1429,2.57
concentration camp,2,14,0.1429,5.21
枪决,2,12,0.1667,6.75
二戰,2,12,0.1667,8.42
第二次世界大戦,2,11,0.1818,1.73
genocide 中文,2,11,0.1818,4.91
the spanish civil war,2,11,0.1818,5.45
adolf,2,11,0.1818,10.36
犹太人屠杀,2,10,0.2,1.4
《我的奋斗》,2,10,0.2,3.2
納粹德國,2,10,0.2,3.9
审判,2,10,0.2,8.1
1936 olympics,2,9,0.2222,5.56
elie wiesel,2,9,0.2222,8.11
croix gammée,2,8,0.25,3.25
third reich,2,8,0.25,4.0
anne frank diary,2,8,0.25,9.12
真珠湾攻撃,2,8,0.25,9.12
nazi propaganda hitler,2,7,0.2857,1.0
第二次世界大战结束时间,2,7,0.2857,1.0
the munich putsch,2,7,0.2857,2.0
righteous among the nations,2,7,0.2857,3.0
nazi history,2,7,0.2857,3.57
albert speer,2,7,0.2857,3.86
арийцы,2,7,0.2857,4.29
希特勒照片,2,7,0.2857,6.43
特里亚农条约,2,7,0.2857,7.43
jasenovac,2,6,0.3333,3.33
auschwitz concentration camp,2,6,0.3333,3.5
蓋世太保,2,6,0.3333,5.33
1933,2,6,0.3333,6.33
rosa luxemburg,2,6,0.3333,8.83
abraham bergman,2,5,0.4,1.0
what other nations treated jews as scapegoats (blamed them for some  trouble)?,2,5,0.4,1.0
what was the nazi party?,2,5,0.4,1.0
anti jewish law,2,5,0.4,1.6
germany in 1939,2,5,0.4,1.6
纳粹党卫军,2,5,0.4,2.2
how many people survived the holocaust,2,5,0.4,2.6
what levels of german society were most drawn to hitler and the nazi party?,2,5,0.4,3.0
auschwitz camp,2,5,0.4,3.8
德国警察,2,5,0.4,3.8
纳粹国旗,2,5,0.4,4.0
莱茵兰,2,5,0.4,4.4
hitler becomes chancellor,2,5,0.4,4.8
反犹太主义意识法案维基百科,2,5,0.4,18.4
antisemitic nazi posters,2,4,0.5,1.0
german expansion,2,4,0.5,1.0
hitler youth uniform,2,4,0.5,1.0
how many concentration camps were there,2,4,0.5,1.0
lisa dawidowicz,2,4,0.5,1.0
women in nazi germany,2,4,0.5,1.0
二战开始的标志,2,4,0.5,1.0
毛特豪森集中营,2,4,0.5,1.5
灭绝营,2,4,0.5,2.25
nazi judges,2,4,0.5,2.5
nazi student league,2,4,0.5,3.0
犹太纳粹主义,2,4,0.5,3.25
种族屠杀,2,4,0.5,3.25
纳粹旗,2,4,0.5,3.5
degenerate art,2,4,0.5,4.0
molotov–ribbentrop pact,2,4,0.5,4.0
swastika meaning,2,4,0.5,4.25
党卫队,2,4,0.5,4.75
冲锋队,2,4,0.5,4.75
operation torch,2,4,0.5,7.75
アンネフランク,2,4,0.5,7.75
乌克兰犹太,2,4,0.5,8.25
1915 armenian genocide pictures,2,3,0.6667,1.0
1936年ベルリンオリンピック,2,3,0.6667,1.0
aftermath of holocaust,2,3,0.6667,1.0
auschwitz photograph,2,3,0.6667,1.0
concentration camp map,2,3,0.6667,1.0
concentration camps in nazi germany,2,3,0.6667,1.0
danzig ww2,2,3,0.6667,1.0
german propaganda ww2,2,3,0.6667,1.0
hitlers 25 points,2,3,0.6667,1.0
how many ghettos existed in german occupied territories?,2,3,0.6667,1.0
how many jews died in holocaust,2,3,0.6667,1.0
how many people died in concentration camps,2,3,0.6667,1.0
how many people killed by hitler,2,3,0.6667,1.0
how many people were killed in the holocaust,2,3,0.6667,1.0
how ww2 ended,2,3,0.6667,1.0
jewish refugee,2,3,0.6667,1.0
jewish refugees,2,3,0.6667,1.0
nazi medical experiments,2,3,0.6667,1.0
nazi photos,2,3,0.6667,1.0
nazi rise to power,2,3,0.6667,1.0
nuremberg laws (1935),2,3,0.6667,1.0
results of the munich conference,2,3,0.6667,1.0
ss police,2,3,0.6667,1.0
st louis ship,2,3,0.6667,1.0
what did hitler do in 1935,2,3,0.6667,1.0
ニュルンベルク法,2,3,0.6667,1.0
一战爆发,2,3,0.6667,1.0
二战的起因,2,3,0.6667,1.0
первая мировая война кратко,2,3,0.6667,1.33
warsaw ghetto,2,3,0.6667,1.67
zuerst kamen sie,2,3,0.6667,1.67
犹太集中营,2,3,0.6667,1.67
nazi eugenics,2,3,0.6667,2.0
origem da suastica,2,3,0.6667,2.0
sonderkommandos,2,3,0.6667,2.0
ss police state,2,3,0.6667,2.0
二战战败国,2,3,0.6667,2.0
犹太人 希特勒,2,3,0.6667,2.0
犹太人为什么被屠杀,2,3,0.6667,2.0
armenian refugees 1915,2,3,0.6667,2.33
der ewige jude,2,3,0.6667,2.33
mein kampf summary,2,3,0.6667,2.33
wwii maps,2,3,0.6667,2.33
death march,2,3,0.6667,2.67
nazi regime,2,3,0.6667,2.67
the white rose,2,3,0.6667,2.67
希特勒标志,2,3,0.6667,2.67
elders of zion,2,3,0.6667,3.0
schindler's list,2,3,0.6667,3.0
アウシュヴィッツ強制収容,2,3,0.6667,3.0
jewish refugees in shanghai,2,3,0.6667,3.33
molotov ribbentrop pact,2,3,0.6667,3.33
sa nazi,2,3,0.6667,3.33
vilna,2,3,0.6667,3.33
germany after ww1,2,3,0.6667,3.67
auschwitz album,2,3,0.6667,4.0
who liberated auschwitz,2,3,0.6667,4.0
世界第一次大战,2,3,0.6667,4.0
埃利·威塞尔人类基金会,2,3,0.6667,4.33
女子集中营,2,3,0.6667,4.33
aryan description,2,3,0.6667,4.67
leon degrelle,2,3,0.6667,4.67
molotov-ribbentrop pact,2,3,0.6667,4.67
奧斯維辛集中營,2,3,0.6667,4.67
the remilitarisation of the rhineland,2,3,0.6667,5.0
反犹太原因,2,3,0.6667,5.0
法国犹太人,2,3,0.6667,5.0
集中營,2,3,0.6667,5.0
凡尔赛条约内容,2,3,0.6667,5.33
焚书,2,3,0.6667,5.33
反犹意识,2,3,0.6667,5.67
德国少女联盟,2,3,0.6667,6.0
箭十字党,2,3,0.6667,6.0
犹太人为什么不受欢迎,2,3,0.6667,6.33
德国人种,2,3,0.6667,6.67
党卫军标志,2,3,0.6667,7.0
纳粹是什么,2,3,0.6667,7.33
roma people,2,3,0.6667,8.0
万湖会议 在线,2,3,0.6667,8.0
种族,2,3,0.6667,9.0
万湖会议在线,2,3,0.6667,11.0
1933-1938,2,2,1.0,1.0
1937 nazi,2,2,1.0,1.0
1945年大事,2,2,1.0,1.0
1차 세계대전 정리,2,2,1.0,1.0
adolf hitler propaganda,2,2,1.0,1.0
allies vs axis ww2,2,2,1.0,1.0
anti-jewish laws,2,2,1.0,1.0
anti-jewish propaganda,2,2,1.0,1.0
anti-semitism picture,2,2,1.0,1.0
artifacts from the holocaust,2,2,1.0,1.0
aryan nazi,2,2,1.0,1.0
bayer jews,2,2,1.0,1.0
bayer ww2,2,2,1.0,1.0
bergen-belsen,2,2,1.0,1.0
children in holocaust,2,2,1.0,1.0
concentration camps during ww2,2,2,1.0,1.0
death marches in the holocaust,2,2,1.0,1.0
effects of the holocaust,2,2,1.0,1.0
encyclopedia of the holocaust,2,2,1.0,1.0
encyclopedia ushmm,2,2,1.0,1.0
eugenics holocaust,2,2,1.0,1.0
final solution holocaust,2,2,1.0,1.0
germany attack poland,2,2,1.0,1.0
germany in 1935,2,2,1.0,1.0
gypsy history,2,2,1.0,1.0
herta oberhauser,2,2,1.0,1.0
hidden children,2,2,1.0,1.0
history of purim,2,2,1.0,1.0
hitler 1935,2,2,1.0,1.0
hitler jewish question,2,2,1.0,1.0
hitler killed how many people,2,2,1.0,1.0
hitler's lightning war,2,2,1.0,1.0
holocaust concentration camps,2,2,1.0,1.0
how did hitler come to power,2,2,1.0,1.0
how many died in the holocaust,2,2,1.0,1.0
how many ghettos existed in german occupied territories,2,2,1.0,1.0
how many jews died in concentration camps,2,2,1.0,1.0
how many jews killed by nazis,2,2,1.0,1.0
how many people did the nazis kill,2,2,1.0,1.0
how many people died in the armenian genocide,2,2,1.0,1.0
hungary's role in ww2,2,2,1.0,1.0
international military tribunal at nuremberg,2,2,1.0,1.0
introduction to the holocaust,2,2,1.0,1.0
invasion of poland summary,2,2,1.0,1.0
jewish migration after ww2,2,2,1.0,1.0
key events of holocaust,2,2,1.0,1.0
kristallnacht holocaust,2,2,1.0,1.0
lebensborn project,2,2,1.0,1.0
life in the ghettos,2,2,1.0,1.0
map of europe 1940,2,2,1.0,1.0
nazi invasion timeline,2,2,1.0,1.0
nazi party platform,2,2,1.0,1.0
nazi racial laws,2,2,1.0,1.0
nazi terror,2,2,1.0,1.0
nuremberg laws 1935,2,2,1.0,1.0
nuremberg laws holocaust,2,2,1.0,1.0
nurenberg law,2,2,1.0,1.0
origen esvastica,2,2,1.0,1.0
quote first they came for the socialists,2,2,1.0,1.0
reichstage fire,2,2,1.0,1.0
sa hitler,2,2,1.0,1.0
st. louis ship,2,2,1.0,1.0
start of world war 2,2,2,1.0,1.0
"sugihara, sempo",2,2,1.0,1.0
t4 euthanasia,2,2,1.0,1.0
the blood libel,2,2,1.0,1.0
the great depression germany,2,2,1.0,1.0
the nazi human experimentation (wwii),2,2,1.0,1.0
the nazi terror begins,2,2,1.0,1.0
the night of the broken glass,2,2,1.0,1.0
the nuremburg laws,2,2,1.0,1.0
the policy of appeasement,2,2,1.0,1.0
the rise of nazism,2,2,1.0,1.0
the “final solution”,2,2,1.0,1.0
then they came for me,2,2,1.0,1.0
ushmm ghettos,2,2,1.0,1.0
vw nazi,2,2,1.0,1.0
wagner rogers bill,2,2,1.0,1.0
wansee conference,2,2,1.0,1.0
what happened after stalingrad,2,2,1.0,1.0
what happened after the holocaust,2,2,1.0,1.0
what is the gestapo,2,2,1.0,1.0
what is the kristallnacht,2,2,1.0,1.0
what percent of jews were killed in the holocaust,2,2,1.0,1.0
what was kristallnacht,2,2,1.0,1.0
what was the final solution of ww2,2,2,1.0,1.0
what was the ss,2,2,1.0,1.0
what were the first nazi concentration camps,2,2,1.0,1.0
what were the first nazi concentration camps?,2,2,1.0,1.0
when did ww2 end in the pacific,2,2,1.0,1.0
when was auschwitz established,2,2,1.0,1.0
white rose opposition movement,2,2,1.0,1.0
who are the ss,2,2,1.0,1.0
why did japan join the ww2,2,2,1.0,1.0
zofia yamaika,2,2,1.0,1.0
аушвиц,2,2,1.0,1.0
итоги первой мировой войны,2,2,1.0,1.0
немецкая свастика фото,2,2,1.0,1.0
откуда гитлер взял свастику,2,2,1.0,1.0
アーリア人 ナチス,2,2,1.0,1.0
ナチス 障害者,2,2,1.0,1.0
ユダヤ人 迫害 歴史,2,2,1.0,1.0
一战国家,2,2,1.0,1.0
一战是谁发起的,2,2,1.0,1.0
一战结束,2,2,1.0,1.0
二战爆发,2,2,1.0,1.0
二次世界大战时间,2,2,1.0,1.0
奥斯维辛集中营英文,2,2,1.0,1.0
나치가 유대인을 학살한 이유,2,2,1.0,1.0
반유대주의,2,2,1.0,1.0
aryan race definition,2,2,1.0,1.5
aryan race meaning,2,2,1.0,1.5
babyn yar massacre,2,2,1.0,1.5
germany map before ww2,2,2,1.0,1.5
hitler anti-semitism,2,2,1.0,1.5
hitler kill count,2,2,1.0,1.5
holocaust deaths,2,2,1.0,1.5
holocaust victim numbers,2,2,1.0,1.5
how hitler came to power,2,2,1.0,1.5
how many jews are killed,2,2,1.0,1.5
nazi women,2,2,1.0,1.5
nuremberg race laws,2,2,1.0,1.5
opposition in nazi germany,2,2,1.0,1.5
percentage of jews killed in the holocaust,2,2,1.0,1.5
ss ne demek,2,2,1.0,1.5
t4 action,2,2,1.0,1.5
they came for the jews,2,2,1.0,1.5
ポーランド ユダヤ人,2,2,1.0,1.5
屠杀视频,2,2,1.0,1.5
希特勒杀了多少犹太人,2,2,1.0,1.5
犹太人被杀,2,2,1.0,1.5
크리스탈나흐트,2,2,1.0,1.5
1915 armenian genocide,2,2,1.0,2.0
armenian genocide timeline,2,2,1.0,2.0
belzec,2,2,1.0,2.0
germany expansion ww2,2,2,1.0,2.0
hitler mein kampf,2,2,1.0,2.0
holocaust background,2,2,1.0,2.0
holocaust jews,2,2,1.0,2.0
holocaust.,2,2,1.0,2.0
how many jewish people died in the holocaust,2,2,1.0,2.0
how many jews died during ww2,2,2,1.0,2.0
how much territory did germany lose after ww1,2,2,1.0,2.0
jewish population europe,2,2,1.0,2.0
lidice massacre,2,2,1.0,2.0
mengle,2,2,1.0,2.0
nazi blitzkrieg,2,2,1.0,2.0
nazi book burnings,2,2,1.0,2.0
nazi burning books,2,2,1.0,2.0
nazi death camp,2,2,1.0,2.0
nazi olympics,2,2,1.0,2.0
schindler holocaust,2,2,1.0,2.0
the sa,2,2,1.0,2.0
timeline of holocaust,2,2,1.0,2.0
what happened in germany in 1940s,2,2,1.0,2.0
where were the concentration camps,2,2,1.0,2.0
ww2 maps,2,2,1.0,2.0
польский концлагерь,2,2,1.0,2.0
一战德国赔款,2,2,1.0,2.0
东线战场,2,2,1.0,2.0
为什么要杀犹太人,2,2,1.0,2.0
德国入侵苏联,2,2,1.0,2.0
柏林奧運會,2,2,1.0,2.0
波兰闪击战,2,2,1.0,2.0
犹太人集中营,2,2,1.0,2.0
猶太人為什麼被歧視,2,2,1.0,2.0
第一次世界大戦 戦後処理,2,2,1.0,2.0
雅利安人德国人,2,2,1.0,2.0
유대인 학살,2,2,1.0,2.0
doctor mengele,2,2,1.0,2.5
hitler famous speech,2,2,1.0,2.5
hitler foreign policies,2,2,1.0,2.5
hitler's foreign policies,2,2,1.0,2.5
jan zwartendijk,2,2,1.0,2.5
joseph goebbels propaganda,2,2,1.0,2.5
nazi human experimentation,2,2,1.0,2.5
sicherheitsdienst,2,2,1.0,2.5
simbolo nazi budismo,2,2,1.0,2.5
svastika,2,2,1.0,2.5
yellow star of david,2,2,1.0,2.5
一战死亡人数,2,2,1.0,2.5
三国轴心,2,2,1.0,2.5
二战东线,2,2,1.0,2.5
二战参战国,2,2,1.0,2.5
二战犹太人死亡人数,2,2,1.0,2.5
娘子谷,2,2,1.0,2.5
犹太人被屠杀,2,2,1.0,2.5
第一次世界大战的起因,2,2,1.0,2.5
索比堡,2,2,1.0,2.5
against jews,2,2,1.0,3.0
book burning,2,2,1.0,3.0
consequences of holocaust,2,2,1.0,3.0
crystal night,2,2,1.0,3.0
history of the swastika,2,2,1.0,3.0
hitler foreign policy,2,2,1.0,3.0
hungary holocaust,2,2,1.0,3.0
kristallnacht meaning,2,2,1.0,3.0
la croix gammée,2,2,1.0,3.0
mufti hitler,2,2,1.0,3.0
nazi gay,2,2,1.0,3.0
policy of appeasement ww2,2,2,1.0,3.0
wannsee,2,2,1.0,3.0
what is ghettos,2,2,1.0,3.0
wwii dates,2,2,1.0,3.0
二战强奸,2,2,1.0,3.0
德国屠杀犹太人,2,2,1.0,3.0
日耳曼人和雅利安人,2,2,1.0,3.0
犹太复国主义恐怖袭击,2,2,1.0,3.0
种族灭绝 英文,2,2,1.0,3.0
苏联 犹太人,2,2,1.0,3.0
轴心国成员,2,2,1.0,3.0
appeasement policy ww2,2,2,1.0,3.5
heydrich assassination,2,2,1.0,3.5
hitler jews,2,2,1.0,3.5
hitler speech german,2,2,1.0,3.5
holocaust picture,2,2,1.0,3.5
martin niemöller,2,2,1.0,3.5
why did hitler invade the soviet union,2,2,1.0,3.5
свастика символ,2,2,1.0,3.5
美国二战,2,2,1.0,3.5
阿道夫艾希曼,2,2,1.0,3.5
germany in 1920s,2,2,1.0,4.0
salonika,2,2,1.0,4.0
亞利安人種,2,2,1.0,4.0
第一次世界大战时间,2,2,1.0,4.0
berlin olympics,2,2,1.0,4.5
concentrationcamp,2,2,1.0,4.5
gleichschaltung,2,2,1.0,4.5
hitler rise to power,2,2,1.0,4.5
османская империя,2,2,1.0,4.5
以色列复国,2,2,1.0,4.5
布痕瓦尔德,2,2,1.0,4.5
德国举办过几次奥运会,2,2,1.0,4.5
德国奥运,2,2,1.0,4.5
战争历史,2,2,1.0,4.5
美国对日宣战,2,2,1.0,4.5
雅利安人德國,2,2,1.0,4.5
오스트리아 병합,2,2,1.0,4.5
1939年,2,2,1.0,5.0
weimar,2,2,1.0,5.0
匈牙利 二战,2,2,1.0,5.0
犹太人为什么被驱逐,2,2,1.0,5.0
纳粹的十大标志,2,2,1.0,5.0
denmark in ww2,2,2,1.0,5.5
erich ludendorff,2,2,1.0,5.5
アウシュヴィッツ 性実験,2,2,1.0,5.5
二战意大利,2,2,1.0,5.5
希特勒自传,2,2,1.0,5.5
犹太人特征,2,2,1.0,5.5
第二次世界大戦 日本がしたこと簡単に,2,2,1.0,5.5
ユダヤ人 迫害 なぜ,2,2,1.0,6.0
比萨拉比亚,2,2,1.0,6.0
游击队,2,2,1.0,6.0
第一次世界大战地图,2,2,1.0,6.0
life in concentration camps,2,2,1.0,6.5
万湖,2,2,1.0,6.5
吉卜赛,2,2,1.0,6.5
奥斯威辛集中营电影,2,2,1.0,6.5
ユダヤ人,2,2,1.0,7.0
科学种族主义,2,2,1.0,7.0
第1次世界大战,2,2,1.0,7.0
shanghai jews,2,2,1.0,7.5
安樂死,2,2,1.0,7.5
auschwitz poland,2,2,1.0,8.0
world war 2 japan,2,2,1.0,8.5
the night of long knives,2,2,1.0,9.0
什么是纳粹,2,2,1.0,9.0
如何安乐死,2,2,1.0,9.5
the nuremberg trial,2,2,1.0,10.5
the treaty of versailles,2,2,1.0,13.0
强奸怀孕,2,2,1.0,13.0
battle of stalingrad,2,2,1.0,14.5
奥斯维辛集中营电影,2,2,1.0,15.0
美国犹太人,2,2,1.0,15.0
我的奋斗 希特勒 pdf,2,2,1.0,17.5
利沃夫,2,2,1.0,18.5
rwandan genocide,2,2,1.0,22.0
德国国旗,1,1193,0.0008,8.38
柏林奥林匹克体育场,1,182,0.0055,8.58
d day,1,161,0.0062,1.01
ghetto,1,149,0.0067,7.89
segunda guerra mundial,1,125,0.008,2.99
在哪里观看夏季奧林匹克運動會,1,110,0.0091,21.35
德国时间,1,106,0.0094,47.92
戈林,1,101,0.0099,8.99
czechoslovakia,1,86,0.0116,7.4
法国参战,1,83,0.012,18.12
弗里茨,1,62,0.0161,7.65
反犹太主义意识法,1,51,0.0196,15.27
奥林匹克运动会,1,38,0.0263,5.63
犹太法案,1,36,0.0278,8.19
犹太人进入乌克兰,1,28,0.0357,19.0
反犹太主义意识法案,1,21,0.0476,32.95
rommel,1,19,0.0526,5.53
以色列屠杀,1,19,0.0526,9.74
antisemitism 中文,1,18,0.0556,6.33
国家社会主义,1,18,0.0556,8.28
yonia,1,17,0.0588,10.0
prisoner of war gay,1,16,0.0625,17.94
schindler,1,15,0.0667,7.33
犹太人占领乌克兰,1,15,0.0667,7.33
协约国,1,13,0.0769,5.77
战犯,1,12,0.0833,6.58
armenian,1,12,0.0833,11.25
反犹太主义法案,1,12,0.0833,27.92
when did ww2 end,1,11,0.0909,5.0
who was anne frank,1,11,0.0909,6.0
nicholas winton,1,11,0.0909,7.18
德国党卫军,1,10,0.1,4.4
借阅我的奋斗,1,10,0.1,6.2
弗兰克,1,10,0.1,8.4
ss..,1,8,0.125,1.0
sonderkommando,1,8,0.125,1.88
弗雷德里克,1,8,0.125,3.62
nazi plan,1,8,0.125,4.0
101st airborne division,1,8,0.125,5.75
nazism,1,8,0.125,7.5
propaganda,1,8,0.125,13.0
二次世界大戰,1,7,0.1429,2.14
rsha,1,7,0.1429,3.0
米哈伊尔,1,7,0.1429,5.29
一戰,1,7,0.1429,6.0
欧洲战争,1,7,0.1429,8.0
戈德曼审判,1,7,0.1429,8.43
人民冲锋队,1,7,0.1429,9.14
犹太人在乌克兰,1,7,0.1429,9.57
gypsy,1,7,0.1429,9.71
