Top pages,Clicks,Impressions,CTR,Position
https://encyclopedia.ushmm.org/content/zh/article/antisemitism-1,544,7871,0.0691,5.2
https://encyclopedia.ushmm.org/content/zh/article/mein-kampf,411,3847,0.1068,5.01
https://encyclopedia.ushmm.org/content/zh/article/world-war-i,282,4709,0.0599,3.82
https://encyclopedia.ushmm.org/content/zh/article/world-war-ii-key-dates,214,6152,0.0348,5.67
https://encyclopedia.ushmm.org/content/en/article/introduction-to-the-holocaust,214,1120,0.1911,2.02
https://encyclopedia.ushmm.org/content/en/article/documenting-numbers-of-victims-of-the-holocaust-and-nazi-persecution,180,211,0.8531,1.48
https://encyclopedia.ushmm.org/content/en/article/ss,163,46424,0.0035,3.85
https://encyclopedia.ushmm.org/content/zh/article/introduction-to-the-holocaust,150,3821,0.0393,8.17
https://encyclopedia.ushmm.org/content/zh/film/hitler-speaks-before-the-reichstag-german-parliament,148,225,0.6578,2.66
https://encyclopedia.ushmm.org/content/zh/article/victims-of-the-nazi-era-nazi-racial-ideology,137,2085,0.0657,6.0
https://encyclopedia.ushmm.org/content/zh/article/aryan-1,127,1173,0.1083,4.2
https://encyclopedia.ushmm.org/content/en/article/the-nuremberg-race-laws,124,212,0.5849,1.28
https://encyclopedia.ushmm.org/content/en/article/kristallnacht,118,266,0.4436,1.62
https://encyclopedia.ushmm.org/content/zh/article/adolf-hitler,115,16462,0.007,6.54
https://encyclopedia.ushmm.org/content/zh/article/history-of-the-swastika,113,389,0.2905,1.87
https://encyclopedia.ushmm.org/content/zh/article/auschwitz,106,344,0.3081,3.35
https://encyclopedia.ushmm.org/content/zh/article/the-nazi-olympics-berlin-1936,98,3273,0.0299,9.72
https://encyclopedia.ushmm.org/content/zh/article/axis-powers-in-world-war-ii,89,793,0.1122,4.7
https://encyclopedia.ushmm.org/content/en/article/nazi-propaganda,88,161,0.5466,1.29
https://encyclopedia.ushmm.org/,83,194,0.4278,3.48
https://encyclopedia.ushmm.org/content/en/article/final-solution-overview,81,140,0.5786,1.34
https://encyclopedia.ushmm.org/content/en/article/nazi-camps,75,104,0.7212,5.1
https://encyclopedia.ushmm.org/content/en/article/martin-niemoeller-first-they-came-for-the-socialists,70,82,0.8537,1.63
https://encyclopedia.ushmm.org/content/zh/article/the-wannsee-conference-and-the-final-solution,69,445,0.1551,2.96
https://encyclopedia.ushmm.org/content/zh/article/antisemitism,69,360,0.1917,6.36
https://encyclopedia.ushmm.org/content/en/article/world-war-ii-key-dates,68,481,0.1414,6.15
https://encyclopedia.ushmm.org/content/zh/article/hitler-comes-to-power,67,16776,0.004,8.03
https://encyclopedia.ushmm.org/content/zh/article/world-war-i-abridged-article,67,3275,0.0205,6.22
https://encyclopedia.ushmm.org/content/en/article/the-armenian-genocide-1915-16-overview,67,131,0.5115,2.38
https://encyclopedia.ushmm.org/content/en/article/aryan-1,64,110,0.5818,3.09
https://encyclopedia.ushmm.org/content/zh/article/auschwitz-1,55,191,0.288,5.35
https://encyclopedia.ushmm.org/content/en/article/ghettos,49,111,0.4414,2.5
https://encyclopedia.ushmm.org/content/zh/article/ss-police-state,46,310,0.1484,3.59
https://encyclopedia.ushmm.org/content/en/article/josef-mengele,46,79,0.5823,2.41
https://encyclopedia.ushmm.org/content/en/article/invasion-of-poland-fall-1939,44,125,0.352,3.36
https://encyclopedia.ushmm.org/content/zh/article/women-during-the-holocaust,43,65,0.6615,8.72
https://encyclopedia.ushmm.org/content/en/article/auschwitz,40,123,0.3252,4.11
https://encyclopedia.ushmm.org/content/zh/article/nazi-camp-system,40,90,0.4444,3.71
https://encyclopedia.ushmm.org/content/en/article/axis-powers-in-world-war-ii,37,44,0.8409,1.5
https://encyclopedia.ushmm.org/content/zh/article/invasion-of-the-soviet-union-june-1941,34,5871,0.0058,8.06
https://encyclopedia.ushmm.org/content/zh/article/euthanasia-program-abridged-article,33,651,0.0507,6.58
https://encyclopedia.ushmm.org/content/en/article/neville-chamberlain,33,76,0.4342,3.18
https://encyclopedia.ushmm.org/content/en/timeline-event/holocaust/1939-1941/hitler-speech-to-german-parliament,33,40,0.825,3.58
https://encyclopedia.ushmm.org/content/zh/article/nazi-rule,32,2830,0.0113,7.21
https://encyclopedia.ushmm.org/content/en/article/treaty-of-versailles,32,354,0.0904,8.95
https://encyclopedia.ushmm.org/content/en/article/history-of-the-swastika,32,325,0.0985,6.26
https://encyclopedia.ushmm.org/content/zh/article/gestapo,31,178,0.1742,3.82
https://encyclopedia.ushmm.org/content/en/article/introduction-to-judaism,30,211,0.1422,3.24
https://encyclopedia.ushmm.org/content/zh/article/world-war-i-treaties-and-reparations,30,74,0.4054,5.62
https://encyclopedia.ushmm.org/content/en/article/world-war-ii-in-the-pacific,30,32,0.9375,3.53
https://encyclopedia.ushmm.org/content/en/article/mein-kampf,29,186,0.1559,3.78
https://encyclopedia.ushmm.org/content/en/article/the-enabling-act,29,40,0.725,1.57
https://encyclopedia.ushmm.org/content/en/article/nazi-medical-experiments,29,31,0.9355,1.42
https://encyclopedia.ushmm.org/content/en/article/the-nazi-rise-to-power,28,211,0.1327,7.99
https://encyclopedia.ushmm.org/content/zh/article/world-war-ii-in-europe-abridged-article,27,976,0.0277,6.64
https://encyclopedia.ushmm.org/content/en/article/the-nazi-party-1,27,253,0.1067,6.05
https://encyclopedia.ushmm.org/content/zh/article/oskar-schindler-abridged-article,27,82,0.3293,6.96
https://encyclopedia.ushmm.org/content/en/article/the-weimar-republic,27,60,0.45,2.17
https://encyclopedia.ushmm.org/content/en/article/waffen-ss,26,29229,0.0009,8.45
https://encyclopedia.ushmm.org/content/en/article/the-reichstag-fire,26,51,0.5098,2.27
https://encyclopedia.ushmm.org/content/en/article/hitler-comes-to-power,26,32,0.8125,4.16
https://encyclopedia.ushmm.org/content/zh/photo/jews-ordered-to-undress-before-their-execution,25,359,0.0696,6.75
https://encyclopedia.ushmm.org/content/zh/article/invasion-of-poland-fall-1939,25,55,0.4545,7.55
https://encyclopedia.ushmm.org/content/en/timeline/holocaust,25,39,0.641,2.77
https://encyclopedia.ushmm.org/content/en/gallery/world-war-ii-maps,25,35,0.7143,1.46
https://encyclopedia.ushmm.org/content/en/article/german-foreign-policy-1933-1945,25,30,0.8333,2.13
https://encyclopedia.ushmm.org/content/en/article/the-nazi-olympics-berlin-1936,25,28,0.8929,3.18
https://encyclopedia.ushmm.org/content/zh/article/world-war-ii-in-europe-1,24,791,0.0303,6.79
https://encyclopedia.ushmm.org/content/zh/article/third-reich-an-overview,24,308,0.0779,6.98
https://encyclopedia.ushmm.org/content/zh/article/jews-in-prewar-germany,24,308,0.0779,7.62
https://encyclopedia.ushmm.org/content/en/article/nuremberg-laws,24,63,0.381,3.21
https://encyclopedia.ushmm.org/content/zh/article/wannsee-conference-and-the-final-solution-abridged-article,23,260,0.0885,5.32
https://encyclopedia.ushmm.org/content/en/article/blitzkrieg-lightning-war,22,36,0.6111,1.61
https://encyclopedia.ushmm.org/content/zh/gallery/liberation-of-nazi-camps-films,22,29,0.7586,2.07
https://encyclopedia.ushmm.org/content/en/article/protocols-of-the-elders-of-zion,22,25,0.88,3.24
https://encyclopedia.ushmm.org/content/zh/article/gassing-operations,22,23,0.9565,1.65
https://encyclopedia.ushmm.org/content/en/article/the-aftermath-of-the-holocaust,21,24,0.875,2.04
https://encyclopedia.ushmm.org/content/en/article/the-great-depression,21,24,0.875,2.25
https://encyclopedia.ushmm.org/content/en/article/roma-gypsies-in-prewar-europe,21,24,0.875,2.62
https://encyclopedia.ushmm.org/content/zh/article/world-war-ii-in-europe,20,1671,0.012,6.9
https://encyclopedia.ushmm.org/content/zh/article/axis-alliance-in-world-war-ii-abridged-article,20,1334,0.015,8.94
https://encyclopedia.ushmm.org/content/zh/article/kristallnacht,20,160,0.125,2.59
https://encyclopedia.ushmm.org/content/en/article/warsaw-ghetto-uprising,20,27,0.7407,1.78
https://encyclopedia.ushmm.org/content/en/article/children-during-the-holocaust,20,24,0.8333,1.12
https://encyclopedia.ushmm.org/content/en/article/jewish-badge-during-the-nazi-era,19,217,0.0876,3.3
https://encyclopedia.ushmm.org/content/zh/article/the-nuremberg-trials,19,102,0.1863,7.12
https://encyclopedia.ushmm.org/content/en/article/darfur,19,32,0.5938,3.47
https://encyclopedia.ushmm.org/content/en/article/anne-frank-biography,18,258,0.0698,9.98
https://encyclopedia.ushmm.org/content/en/article/the-russian-revolution-1917,18,73,0.2466,6.32
https://encyclopedia.ushmm.org/content/en/article/spanish-civil-war,18,33,0.5455,3.61
https://encyclopedia.ushmm.org/content/en/article/dachau,18,26,0.6923,3.12
https://encyclopedia.ushmm.org/content/en/article/concentration-camps-1933-39,18,25,0.72,1.6
https://encyclopedia.ushmm.org/content/en/article/german-soviet-pact,18,25,0.72,2.4
https://encyclopedia.ushmm.org/content/en/article/adolf-hitler,17,2765,0.0061,9.72
https://encyclopedia.ushmm.org/content/zh/article/genocide-of-european-roma-gypsies-1939-1945,17,390,0.0436,8.79
https://encyclopedia.ushmm.org/content/en/article/the-night-of-broken-glass,17,71,0.2394,5.0
https://encyclopedia.ushmm.org/content/en/article/pogroms,17,65,0.2615,4.03
https://encyclopedia.ushmm.org/content/en/article/oskar-schindler,17,55,0.3091,4.95
https://encyclopedia.ushmm.org/content/en/article/einsatzgruppen,17,39,0.4359,2.31
https://encyclopedia.ushmm.org/content/zh/article/adolf-eichmann-abridged-article,17,28,0.6071,3.89
https://encyclopedia.ushmm.org/content/en/article/blood-libel,17,20,0.85,1.8
https://encyclopedia.ushmm.org/content/ja/article/world-war-ii-key-dates,17,20,0.85,3.05
https://encyclopedia.ushmm.org/content/en/article/wannsee-conference-and-the-final-solution,17,19,0.8947,2.42
https://encyclopedia.ushmm.org/content/en/article/polish-jewish-refugees-in-the-shanghai-ghetto-19411945,16,18,0.8889,3.83
https://encyclopedia.ushmm.org/content/en/article/white-rose,16,17,0.9412,2.29
https://encyclopedia.ushmm.org/content/zh/article/the-nazi-terror-begins,15,266,0.0564,7.99
https://encyclopedia.ushmm.org/content/zh/article/nazi-olympics-berlin-1936-abridged-article,15,51,0.2941,6.57
https://encyclopedia.ushmm.org/content/en/article/gestapo,15,29,0.5172,3.52
https://encyclopedia.ushmm.org/content/en/article/hitler-youth-2,15,22,0.6818,1.95
https://encyclopedia.ushmm.org/content/es/article/history-of-the-swastika,15,19,0.7895,2.11
https://encyclopedia.ushmm.org/content/zh/article/refugees,14,364,0.0385,9.04
https://encyclopedia.ushmm.org/content/zh/article/jewish-life-in-europe-before-the-holocaust,14,178,0.0787,8.1
https://encyclopedia.ushmm.org/content/en/article/nazi-racism,14,18,0.7778,1.78
https://encyclopedia.ushmm.org/content/en/map/german-conquests-in-europe-1939-1942,14,17,0.8235,1.94
https://encyclopedia.ushmm.org/content/zh/article/nuremberg-laws,13,94,0.1383,12.24
https://encyclopedia.ushmm.org/content/zh/map/german-territorial-losses-treaty-of-versailles-1919,13,43,0.3023,4.79
https://encyclopedia.ushmm.org/content/en/timeline-event/holocaust/1933-1938/munich-agreement,13,42,0.3095,3.1
https://encyclopedia.ushmm.org/content/en/article/beer-hall-putsch-munich-putsch,13,22,0.5909,2.59
https://encyclopedia.ushmm.org/content/en/article/bergen-belsen,13,20,0.65,1.45
https://encyclopedia.ushmm.org/content/ja/article/auschwitz-1,13,16,0.8125,2.06
https://encyclopedia.ushmm.org/content/en/article/german-jews-during-the-holocaust,13,16,0.8125,2.81
https://encyclopedia.ushmm.org/content/zh/gallery/antisemitism-photographs,13,15,0.8667,5.73
https://encyclopedia.ushmm.org/content/zh/map/european-jewish-population-distribution-ca-1933,13,14,0.9286,3.14
https://encyclopedia.ushmm.org/content/zh/article/international-military-tribunal-at-nuremberg,12,26,0.4615,5.77
https://encyclopedia.ushmm.org/content/en/article/the-final-solution,12,25,0.48,2.64
https://encyclopedia.ushmm.org/content/ru/article/history-of-the-swastika,12,17,0.7059,2.94
https://encyclopedia.ushmm.org/content/en/article/book-burning,12,14,0.8571,1.5
https://encyclopedia.ushmm.org/content/en/article/women-during-the-holocaust,12,13,0.9231,1.92
https://encyclopedia.ushmm.org/content/en/article/nazi-propaganda-and-censorship,12,12,1.0,1.33
https://encyclopedia.ushmm.org/content/zh/article/german-soviet-pact,11,23,0.4783,3.65
https://encyclopedia.ushmm.org/content/en/article/nazi-territorial-aggression-the-anschluss,11,17,0.6471,3.24
https://encyclopedia.ushmm.org/content/en/article/heinrich-himmler,11,16,0.6875,3.38
https://encyclopedia.ushmm.org/content/zh/article/final-solution-overview,11,15,0.7333,4.6
https://encyclopedia.ushmm.org/content/en/article/the-evian-conference,11,14,0.7857,1.0
https://encyclopedia.ushmm.org/content/en/timeline-event/holocaust/before-1933/treaty-of-versailles-presented-to-german-delegation,11,11,1.0,1.45
https://encyclopedia.ushmm.org/content/en/article/lebensborn-program,11,11,1.0,2.18
https://encyclopedia.ushmm.org/content/en/article/the-sa,10,117,0.0855,4.89
https://encyclopedia.ushmm.org/content/en/article/ministry-of-propaganda-and-public-enlightenment,10,58,0.1724,2.1
https://encyclopedia.ushmm.org/content/en/article/gassing-operations,10,43,0.2326,5.65
https://encyclopedia.ushmm.org/content/zh/article/what-is-genocide,10,27,0.3704,2.93
https://encyclopedia.ushmm.org/content/zh/article/at-the-killing-centers,10,20,0.5,4.0
https://encyclopedia.ushmm.org/content/en/article/ravensbrueck,10,17,0.5882,4.76
https://encyclopedia.ushmm.org/content/en/article/volkswagen-1,10,12,0.8333,1.75
https://encyclopedia.ushmm.org/content/ja/article/introduction-to-the-holocaust,10,12,0.8333,1.75
https://encyclopedia.ushmm.org/content/ko/article/introduction-to-the-holocaust,10,12,0.8333,1.75
https://encyclopedia.ushmm.org/content/en/article/antisemitism-in-history-nazi-antisemitism,10,11,0.9091,1.73
https://encyclopedia.ushmm.org/content/en/article/euthanasia-program,10,11,0.9091,1.82
https://encyclopedia.ushmm.org/content/en/article/kiev-and-babi-yar,10,11,0.9091,1.82
https://encyclopedia.ushmm.org/content/fr/article/history-of-the-swastika,10,11,0.9091,2.09
https://encyclopedia.ushmm.org/content/en/article/anti-jewish-legislation-in-prewar-germany,10,11,0.9091,2.18
https://encyclopedia.ushmm.org/content/en/article/world-war-i-aftermath,10,11,0.9091,3.64
https://encyclopedia.ushmm.org/content/en/article/remaining-jewish-population-of-europe-in-1945,10,10,1.0,1.6
https://encyclopedia.ushmm.org/content/zh/article/euthanasia-program,9,355,0.0254,8.54
https://encyclopedia.ushmm.org/content/zh/photo/joseph-goebbels-speaks-during-book-burning,9,240,0.0375,4.92
https://encyclopedia.ushmm.org/content/en/article/karl-marx,9,170,0.0529,12.75
https://encyclopedia.ushmm.org/content/en/article/liberation-of-nazi-camps,9,79,0.1139,1.87
https://encyclopedia.ushmm.org/content/en/article/what-groups-of-people-did-the-nazis-target,9,22,0.4091,1.41
https://encyclopedia.ushmm.org/content/zh/article/hitler-youth-2,9,20,0.45,6.05
https://encyclopedia.ushmm.org/content/zh/article/rwanda-the-first-conviction-for-genocide,9,17,0.5294,11.29
https://encyclopedia.ushmm.org/content/zh/article/the-warsaw-ghetto-uprising,9,15,0.6,4.67
https://encyclopedia.ushmm.org/content/en/article/german-prewar-expansion,9,14,0.6429,1.71
https://encyclopedia.ushmm.org/index.php/content/en/article/ghettos,9,14,0.6429,2.71
https://encyclopedia.ushmm.org/content/en/article/women-in-the-third-reich,9,12,0.75,9.92
https://encyclopedia.ushmm.org/content/en/article/fascism-1,9,11,0.8182,5.45
https://encyclopedia.ushmm.org/content/en/article/refugees,9,10,0.9,1.5
https://encyclopedia.ushmm.org/content/en/article/jewish-resistance,9,9,1.0,1.11
https://encyclopedia.ushmm.org/content/en/map/german-territorial-losses-treaty-of-versailles-1919,9,9,1.0,1.67
https://encyclopedia.ushmm.org/content/en/article/the-german-churches-and-the-nazi-state,9,9,1.0,2.0
https://encyclopedia.ushmm.org/content/ko/article/world-war-i,9,9,1.0,2.44
https://encyclopedia.ushmm.org/content/ja/article/world-war-ii-in-the-pacific,9,9,1.0,2.78
https://encyclopedia.ushmm.org/content/en/article/ss-police-state,8,860,0.0093,9.42
https://encyclopedia.ushmm.org/content/zh/photo/swastika-and-olympic-flags-in-berlin,8,703,0.0114,8.37
https://encyclopedia.ushmm.org/content/zh/article/gay-men-under-the-nazi-regime,8,30,0.2667,14.97
https://encyclopedia.ushmm.org/content/en/article/lebensraum,8,20,0.4,2.8
https://encyclopedia.ushmm.org/content/en/timeline-event/holocaust/1933-1938/reichstag-fire-decree,8,17,0.4706,5.47
https://encyclopedia.ushmm.org/content/zh/article/dachau-abridged-article,8,13,0.6154,4.0
https://encyclopedia.ushmm.org/content/en/article/life-in-the-ghettos,8,12,0.6667,3.33
https://encyclopedia.ushmm.org/content/zh/article/nazi-territorial-aggression-the-anschluss,8,12,0.6667,3.5
https://encyclopedia.ushmm.org/content/en/article/roehm-purge,8,12,0.6667,8.08
https://encyclopedia.ushmm.org/content/en/question/how-did-leaders-diplomats-and-citizens-around-the-world-respond-to-the-events-of-the-holocaust,8,11,0.7273,1.09
https://encyclopedia.ushmm.org/content/ja/article/the-nazi-terror-begins,8,11,0.7273,3.82
https://encyclopedia.ushmm.org/content/en/article/bayer,8,10,0.8,1.0
https://encyclopedia.ushmm.org/content/es/article/world-war-i,8,10,0.8,1.5
https://encyclopedia.ushmm.org/content/zh/article/ghettos,8,10,0.8,2.0
https://encyclopedia.ushmm.org/content/ko/article/world-war-ii-key-dates,8,10,0.8,4.4
https://encyclopedia.ushmm.org/content/en/article/adolf-hitler-early-years-1889-1913,8,10,0.8,6.3
https://encyclopedia.ushmm.org/content/en/article/afro-germans-during-the-holocaust,8,9,0.8889,1.0
https://encyclopedia.ushmm.org/content/ru/article/world-war-i-abridged-article,8,9,0.8889,2.44
https://encyclopedia.ushmm.org/content/en/article/hermann-goering,8,9,0.8889,5.89
https://encyclopedia.ushmm.org/content/en/gallery/concentration-camps-1942-45-maps,8,8,1.0,2.12
https://encyclopedia.ushmm.org/content/en/gallery/german-occupation-maps,8,8,1.0,2.25
https://encyclopedia.ushmm.org/content/en/gallery/jewish-population-of-europe,8,8,1.0,2.5
https://encyclopedia.ushmm.org/content/en/timeline-event/holocaust/1942-1945/german-defeat-at-stalingrad,8,8,1.0,7.75
https://encyclopedia.ushmm.org/content/zh/article/the-united-states-and-the-holocaust,7,96,0.0729,7.47
https://encyclopedia.ushmm.org/content/en/article/antisemitism,7,90,0.0778,7.46
https://encyclopedia.ushmm.org/content/zh/article/antisemitism-abridged-article,7,86,0.0814,7.86
https://encyclopedia.ushmm.org/content/zh/article/rallying-the-nation,7,35,0.2,9.23
https://encyclopedia.ushmm.org/content/en/article/third-reich,7,27,0.2593,5.59
https://encyclopedia.ushmm.org/zh,7,25,0.28,6.6
https://encyclopedia.ushmm.org/content/en/article/gay-men-under-the-nazi-regime,7,22,0.3182,14.68
https://encyclopedia.ushmm.org/content/zh/gallery/history-of-the-swastika-photographs,7,20,0.35,6.05
https://encyclopedia.ushmm.org/content/zh/article/elie-wiesel,7,17,0.4118,4.88
https://encyclopedia.ushmm.org/content/en/article/reinhard-heydrich-in-depth,7,15,0.4667,4.4
https://encyclopedia.ushmm.org/content/en/article/chiune-sempo-sugihara,7,12,0.5833,2.5
https://encyclopedia.ushmm.org/content/zh/article/nazi-racism-an-overview,7,12,0.5833,6.58
https://encyclopedia.ushmm.org/content/zh/film/japan-attacks-pearl-harbor,7,11,0.6364,12.27
https://encyclopedia.ushmm.org/content/it/article/history-of-the-swastika,7,10,0.7,2.9
https://encyclopedia.ushmm.org/content/en/article/eugenics,7,10,0.7,3.2
https://encyclopedia.ushmm.org/content/en/article/invasion-of-the-soviet-union-june-1941,7,10,0.7,4.7
https://encyclopedia.ushmm.org/content/en/article/nazi-party-platform,7,9,0.7778,1.0
https://encyclopedia.ushmm.org/content/ja/article/what-is-genocide,7,9,0.7778,2.11
https://encyclopedia.ushmm.org/content/ja/article/world-war-i,7,9,0.7778,2.22
https://encyclopedia.ushmm.org/content/en/article/der-ewige-jude,7,9,0.7778,2.33
https://encyclopedia.ushmm.org/content/en/article/hungary-after-the-german-occupation,7,9,0.7778,13.56
https://encyclopedia.ushmm.org/content/en/article/voyage-of-the-st-louis,7,8,0.875,1.0
https://encyclopedia.ushmm.org/content/en/article/1935-key-dates,7,8,0.875,1.12
https://encyclopedia.ushmm.org/content/en/gallery/auschwitz-photographs,7,8,0.875,2.12
https://encyclopedia.ushmm.org/content/en/gallery/nazi-terror-begins-photographs,7,8,0.875,3.38
https://encyclopedia.ushmm.org/content/en/article/killing-centers-in-depth,7,8,0.875,3.75
https://encyclopedia.ushmm.org/content/en/article/adolf-hitler-and-world-war-i-1913-1919,7,7,1.0,2.86
https://encyclopedia.ushmm.org/content/zh/article/pogroms,7,7,1.0,7.0
https://encyclopedia.ushmm.org/content/en/article/what-is-genocide,6,358,0.0168,5.77
https://encyclopedia.ushmm.org/content/zh/article/world-war-i-aftermath,6,186,0.0323,7.4
https://encyclopedia.ushmm.org/content/zh/article/nazi-racism,6,181,0.0331,6.59
https://encyclopedia.ushmm.org/content/zh/article/genocide-timeline,6,17,0.3529,5.29
https://encyclopedia.ushmm.org/content/en/article/benito-mussolini-1,6,17,0.3529,8.12
https://encyclopedia.ushmm.org/content/en/article/anne-frank-diary,6,15,0.4,10.13
https://encyclopedia.ushmm.org/content/en/article/rescue-in-denmark,6,10,0.6,1.8
https://encyclopedia.ushmm.org/content/en/article/erwin-rommel,6,10,0.6,4.5
https://encyclopedia.ushmm.org/content/es/article/spanish-civil-war,6,9,0.6667,2.89
https://encyclopedia.ushmm.org/content/en/article/leni-riefenstahl,6,9,0.6667,4.0
https://encyclopedia.ushmm.org/content/zh/gallery/introduction-to-the-holocaust-films,6,8,0.75,5.25
https://encyclopedia.ushmm.org/content/en/article/international-military-tribunal-at-nuremberg,6,7,0.8571,1.71
https://encyclopedia.ushmm.org/content/ko/article/invasion-of-the-soviet-union-june-1941,6,7,0.8571,3.14
https://encyclopedia.ushmm.org/content/en/article/protocols-of-the-elders-of-zion-key-dates,6,7,0.8571,5.29
https://encyclopedia.ushmm.org/content/zh/article/protocols-of-the-elders-of-zion,6,7,0.8571,8.0
https://encyclopedia.ushmm.org/content/zh/gallery/third-reich-abridged-article-films,6,7,0.8571,11.71
https://encyclopedia.ushmm.org/content/en/article/jewish-population-of-europe-in-1933-population-data-by-country,6,6,1.0,1.0
https://encyclopedia.ushmm.org/en/a-z/artifact,6,6,1.0,1.33
https://encyclopedia.ushmm.org/content/en/article/1938-key-dates,6,6,1.0,1.67
https://encyclopedia.ushmm.org/content/en/timeline-event/holocaust/before-1933/adolf-hitler-issues-comment-on-the-jewish-question,6,6,1.0,2.83
https://encyclopedia.ushmm.org/content/zh/article/the-soviet-union-and-the-eastern-front,6,6,1.0,5.0
https://encyclopedia.ushmm.org/content/en/article/world-war-ii-in-europe-1,6,6,1.0,5.67
https://encyclopedia.ushmm.org/content/en/article/erich-ludendorff,6,6,1.0,6.0
https://encyclopedia.ushmm.org/content/zh/article/the-night-of-broken-glass,5,83,0.0602,4.31
https://encyclopedia.ushmm.org/content/en/article/joseph-goebbels-1,5,14,0.3571,6.07
https://encyclopedia.ushmm.org/content/en/article/adolf-eichmann,5,13,0.3846,4.31
https://encyclopedia.ushmm.org/content/en/photo/anti-jewish-propaganda,5,8,0.625,3.0
https://encyclopedia.ushmm.org/content/en/article/victims-of-the-nazi-era-nazi-racial-ideology,5,8,0.625,3.62
https://encyclopedia.ushmm.org/content/en/gallery/german-foreign-policy-1933-1945-films,5,8,0.625,3.75
https://encyclopedia.ushmm.org/content/en/timeline-event/holocaust/1933-1938/hitler-appointed-chancellor,5,8,0.625,4.0
https://encyclopedia.ushmm.org/content/en/article/antisemitism-in-history-from-the-early-church-to-1400,5,7,0.7143,2.71
https://encyclopedia.ushmm.org/content/en/film/remilitarization-of-the-rhineland,5,7,0.7143,3.29
https://encyclopedia.ushmm.org/content/en/article/jasenovac,5,7,0.7143,3.57
https://encyclopedia.ushmm.org/content/en/article/degenerate-art-1,5,7,0.7143,4.14
https://encyclopedia.ushmm.org/content/en/article/elie-wiesel,5,7,0.7143,4.29
https://encyclopedia.ushmm.org/content/en/article/danzig,5,7,0.7143,5.43
https://encyclopedia.ushmm.org/content/en/gallery/camp-system-maps,5,6,0.8333,1.0
https://encyclopedia.ushmm.org/content/en/gallery/concentration-camps-1942-45-films,5,6,0.8333,1.33
https://encyclopedia.ushmm.org/content/ru/article/the-armenian-genocide-1915-16-in-depth,5,6,0.8333,2.0
https://encyclopedia.ushmm.org/content/en/article/theresienstadt,5,6,0.8333,2.17
https://encyclopedia.ushmm.org/content/en/film/hajj-amin-al-husayni-meets-hitler,5,6,0.8333,2.17
https://encyclopedia.ushmm.org/content/en/article/kindertransport-1938-40,5,6,0.8333,2.33
https://encyclopedia.ushmm.org/content/en/article/warsaw,5,6,0.8333,2.5
https://encyclopedia.ushmm.org/content/en/article/eichmann-trial,5,6,0.8333,2.83
https://encyclopedia.ushmm.org/content/en/timeline-group/holocaust/1933-1938,5,6,0.8333,3.67
https://encyclopedia.ushmm.org/content/en/timeline-event/holocaust/1939-1941/german-invasion-of-poland,5,6,0.8333,3.83
https://encyclopedia.ushmm.org/content/zh/article/writing-the-news,5,6,0.8333,3.83
https://encyclopedia.ushmm.org/content/ru/article/aryan-1,5,6,0.8333,4.0
https://encyclopedia.ushmm.org/content/en/article/raoul-wallenberg-and-the-rescue-of-jews-in-budapest,5,6,0.8333,4.67
https://encyclopedia.ushmm.org/content/en/gallery/poland-maps,5,5,1.0,1.0
https://encyclopedia.ushmm.org/content/en/gallery/radicalization-and-mass-murder,5,5,1.0,1.0
https://encyclopedia.ushmm.org/content/ko/article/kristallnacht,5,5,1.0,1.0
https://encyclopedia.ushmm.org/content/en/timeline-group/holocaust/after-1945,5,5,1.0,1.2
https://encyclopedia.ushmm.org/content/en/gallery/auschwitz-camp-complex-maps,5,5,1.0,1.4
https://encyclopedia.ushmm.org/content/en/article/german-resistance-to-hitler,5,5,1.0,2.2
https://encyclopedia.ushmm.org/content/ru/article/victims-of-the-nazi-era-nazi-racial-ideology,5,5,1.0,2.2
https://encyclopedia.ushmm.org/content/ja/article/women-during-the-holocaust,5,5,1.0,2.8
https://encyclopedia.ushmm.org/content/ko/article/world-war-ii-in-europe,5,5,1.0,2.8
https://encyclopedia.ushmm.org/content/ja/article/antisemitism-in-history-from-the-early-church-to-1400,5,5,1.0,3.0
https://encyclopedia.ushmm.org/content/ru/article/world-war-i,5,5,1.0,3.4
https://encyclopedia.ushmm.org/content/zh/article/buchenwald-abridged-article,5,5,1.0,3.4
https://encyclopedia.ushmm.org/content/en/article/hajj-amin-al-husayni-the-mufti-of-jerusalem,5,5,1.0,4.2
https://encyclopedia.ushmm.org/content/en/map/defeat-of-nazi-germany-1942-1945,5,5,1.0,4.2
https://encyclopedia.ushmm.org/content/ja/article/jewish-life-in-europe-before-the-holocaust,5,5,1.0,5.0
https://encyclopedia.ushmm.org/content/en/article/the-soviet-union-and-the-eastern-front,5,5,1.0,11.8
https://encyclopedia.ushmm.org/index.php/content/zh/article/introduction-to-the-holocaust,4,131,0.0305,7.42
https://encyclopedia.ushmm.org/content/zh/photo/adolf-hitler-greets-paul-von-hindenburg,4,30,0.1333,7.23
https://encyclopedia.ushmm.org/content/zh/article/war-crimes-trials,4,13,0.3077,9.23
https://encyclopedia.ushmm.org/content/en/article/alfred-rosenberg-biography,4,11,0.3636,3.64
https://encyclopedia.ushmm.org/content/en/article/rudolf-hess,4,9,0.4444,5.89
https://encyclopedia.ushmm.org/content/zh/article/eugenics,4,8,0.5,3.62
https://encyclopedia.ushmm.org/content/en/article/gino-bartali,4,8,0.5,4.25
https://encyclopedia.ushmm.org/content/en/article/paul-von-hindenburg,4,8,0.5,5.0
https://encyclopedia.ushmm.org/content/en/gallery/antisemitism-photographs,4,7,0.5714,1.14
https://encyclopedia.ushmm.org/content/en/article/paragraph-175-and-the-nazi-campaign-against-homosexuality,4,7,0.5714,1.43
https://encyclopedia.ushmm.org/content/en/article/classification-system-in-nazi-concentration-camps,4,7,0.5714,2.29
https://encyclopedia.ushmm.org/content/zh/film/remilitarization-of-the-rhineland,4,7,0.5714,4.0
https://encyclopedia.ushmm.org/content/en/article/the-nuremberg-trials,4,7,0.5714,6.86
https://encyclopedia.ushmm.org/content/en/article/non-jewish-resistance,4,6,0.6667,1.0
https://encyclopedia.ushmm.org/content/zh/article/martin-niemoeller-first-they-came-for-the-socialists,4,6,0.6667,2.5
https://encyclopedia.ushmm.org/content/en/article/german-jewish-refugees-1933-1939,4,6,0.6667,2.67
https://encyclopedia.ushmm.org/content/en/article/iran-during-world-war-ii,4,6,0.6667,3.33
https://encyclopedia.ushmm.org/content/en/article/dietrich-bonhoeffer,4,6,0.6667,3.5
https://encyclopedia.ushmm.org/content/en/article/auschwitz-through-the-lens-of-the-ss-the-album,4,6,0.6667,3.67
https://encyclopedia.ushmm.org/content/en/article/pearl-harbor,4,5,0.8,1.2
https://encyclopedia.ushmm.org/content/zh/article/the-final-solution,4,5,0.8,3.4
https://encyclopedia.ushmm.org/content/en/article/gleichschaltung-coordinating-the-nazi-state,4,5,0.8,3.8
https://encyclopedia.ushmm.org/content/en/article/the-biological-state-nazi-racial-hygiene-1933-1939,4,5,0.8,3.8
https://encyclopedia.ushmm.org/content/en/article/world-war-i-and-its-aftermath-key-dates,4,5,0.8,4.2
https://encyclopedia.ushmm.org/content/zh/article/nazi-camps-abridged-article,4,5,0.8,5.0
https://encyclopedia.ushmm.org/content/en/article/death-marches,4,4,1.0,1.0
https://encyclopedia.ushmm.org/content/en/article/operation-reinhard-einsatz-reinhard,4,4,1.0,1.0
https://encyclopedia.ushmm.org/content/en/artifact/hitler-youth-knife-and-case,4,4,1.0,1.25
https://encyclopedia.ushmm.org/content/en/gallery/german-foreign-policy-1933-1945-maps,4,4,1.0,1.25
https://encyclopedia.ushmm.org/content/en/timeline-event/holocaust/1942-1945/german-forces-surrender-to-the-allies,4,4,1.0,1.5
https://encyclopedia.ushmm.org/content/ja/article/world-war-i-treaties-and-reparations,4,4,1.0,1.5
https://encyclopedia.ushmm.org/content/en/gallery/the-holocaust-maps,4,4,1.0,1.75
https://encyclopedia.ushmm.org/content/en/article/1937-key-dates,4,4,1.0,2.0
https://encyclopedia.ushmm.org/content/en/article/indoctrinating-youth,4,4,1.0,2.0
https://encyclopedia.ushmm.org/content/en/article/jewish-partisans,4,4,1.0,2.0
https://encyclopedia.ushmm.org/content/ru/article/world-war-ii-key-dates,4,4,1.0,2.0
https://encyclopedia.ushmm.org/content/en/article/belzec,4,4,1.0,2.25
https://encyclopedia.ushmm.org/content/en/article/the-jewish-question,4,4,1.0,2.25
https://encyclopedia.ushmm.org/content/en/article/the-velodrome-dhiver-vel-dhiv-roundup,4,4,1.0,2.5
https://encyclopedia.ushmm.org/content/en/article/treblinka,4,4,1.0,2.5
https://encyclopedia.ushmm.org/content/en/map/german-annexation-of-the-sudetenland-1938,4,4,1.0,2.5
https://encyclopedia.ushmm.org/content/ru/article/josef-mengele,4,4,1.0,2.5
https://encyclopedia.ushmm.org/content/zh/article/genocide-abridged-article,4,4,1.0,2.75
https://encyclopedia.ushmm.org/content/de/article/documenting-numbers-of-victims-of-the-holocaust-and-nazi-persecution,4,4,1.0,3.0
https://encyclopedia.ushmm.org/content/en/gallery/concentration-camps-1942-45-photographs,4,4,1.0,3.0
https://encyclopedia.ushmm.org/content/ja/article/adolf-hitler,4,4,1.0,3.0
https://encyclopedia.ushmm.org/content/en/article/reichstag-fire-decree,4,4,1.0,3.25
https://encyclopedia.ushmm.org/content/en/article/lvov,4,4,1.0,3.75
https://encyclopedia.ushmm.org/content/pt-br/article/what-is-genocide,4,4,1.0,3.75
https://encyclopedia.ushmm.org/content/en/article/bulgaria,4,4,1.0,4.0
https://encyclopedia.ushmm.org/content/en/timeline-event/holocaust/1942-1945/assassination-of-reinhard-heydrich,4,4,1.0,4.0
https://encyclopedia.ushmm.org/content/zh/photo/ustasa-soldiers-oversee-the-deportation-of-civilians,4,4,1.0,4.5
https://encyclopedia.ushmm.org/content/en/article/genocide-of-european-roma-gypsies-1939-1945,4,4,1.0,4.75
https://encyclopedia.ushmm.org/content/zh/photo/hitler-and-speer-in-paris,4,4,1.0,4.75
https://encyclopedia.ushmm.org/content/en/article/german-armed-forces-high-command,4,4,1.0,5.5
https://encyclopedia.ushmm.org/content/en/article/buchenwald,4,4,1.0,6.25
https://encyclopedia.ushmm.org/content/zh/photo/hajj-amin-al-husayni,4,4,1.0,6.75
https://encyclopedia.ushmm.org/content/zh/article/postwar-refugee-crisis-and-the-establishment-of-the-state-of-israel,4,4,1.0,7.0
https://encyclopedia.ushmm.org/content/en/article/the-rwanda-genocide,4,4,1.0,15.25
https://encyclopedia.ushmm.org/content/en/article/ss-and-the-camp-system,3,12799,0.0002,3.44
https://encyclopedia.ushmm.org/content/zh/film/truman-proclaims-victory-in-europe,3,90,0.0333,8.94
https://encyclopedia.ushmm.org/content/zh/gallery/ss-police-state-photographs,3,87,0.0345,5.85
https://encyclopedia.ushmm.org/content/zh/article/pogroms-abridged-article,3,35,0.0857,19.11
https://encyclopedia.ushmm.org/content/zh/article/neville-chamberlain,3,29,0.1034,5.59
https://encyclopedia.ushmm.org/content/en/article/nazi-rule,3,15,0.2,8.93
https://encyclopedia.ushmm.org/content/en/article/nazi-terror-begins,3,11,0.2727,1.18
https://encyclopedia.ushmm.org/content/en/article/the-nazi-terror-begins,3,11,0.2727,1.73
https://encyclopedia.ushmm.org/content/en/article/world-war-ii-in-depth,3,11,0.2727,8.55
https://encyclopedia.ushmm.org/content/zh/article/third-reich-abridged-article,3,10,0.3,6.2
https://encyclopedia.ushmm.org/content/zh/article/ghettos-in-poland,3,9,0.3333,23.89
https://encyclopedia.ushmm.org/content/ru/article/adolf-hitler,3,8,0.375,2.0
https://encyclopedia.ushmm.org/content/en/article/righteous-among-the-nations,3,8,0.375,2.75
https://encyclopedia.ushmm.org/content/en/id-card/yitzhak-irving-balsam,3,7,0.4286,1.0
https://encyclopedia.ushmm.org/content/zh/id-card/joseph-gani,3,7,0.4286,8.29
https://encyclopedia.ushmm.org/content/en/article/antisemitism-1,3,6,0.5,1.0
https://encyclopedia.ushmm.org/content/en/article/adolf-hitler-1930-1933,3,6,0.5,1.67
https://encyclopedia.ushmm.org/content/en/article/university-student-groups-in-nazi-germany,3,6,0.5,3.0
https://encyclopedia.ushmm.org/content/en/article/the-survivors,3,6,0.5,3.67
https://encyclopedia.ushmm.org/content/zh/article/killing-centers-an-overview,3,6,0.5,4.5
https://encyclopedia.ushmm.org/content/en/article/sonderkommandos,3,5,0.6,2.0
https://encyclopedia.ushmm.org/content/ko/article/holocaust-abridged-article,3,5,0.6,2.8
https://encyclopedia.ushmm.org/content/en/animated-map/the-aftermath-of-the-holocaust,3,5,0.6,4.4
https://encyclopedia.ushmm.org/content/en/article/operation-torch-algeria-morocco-campaign,3,5,0.6,7.2
https://encyclopedia.ushmm.org/content/en/id-card/nelly-adler,3,4,0.75,1.0
https://encyclopedia.ushmm.org/content/ja/article/the-nazi-olympics-berlin-1936,3,4,0.75,1.0
https://encyclopedia.ushmm.org/content/en/article/gross-rosen,3,4,0.75,1.25
https://encyclopedia.ushmm.org/content/en/article/sobibor,3,4,0.75,1.5
https://encyclopedia.ushmm.org/content/en/article/concentration-camps-1939-42,3,4,0.75,2.0
https://encyclopedia.ushmm.org/content/en/article/minsk,3,4,0.75,2.5
https://encyclopedia.ushmm.org/content/fr/article/world-war-ii-in-the-pacific,3,4,0.75,3.0
https://encyclopedia.ushmm.org/en/a-z/photo,3,4,0.75,3.25
https://encyclopedia.ushmm.org/content/en/article/deceiving-the-public,3,4,0.75,3.75
https://encyclopedia.ushmm.org/content/zh/article/liberation-of-nazi-camps,3,4,0.75,4.25
https://encyclopedia.ushmm.org/content/en/timeline-event/holocaust/1933-1938/death-of-german-president-von-hindenburg,3,4,0.75,4.5
https://encyclopedia.ushmm.org/content/en/article/albert-speer,3,4,0.75,5.75
https://encyclopedia.ushmm.org/content/ru/article/mein-kampf,3,4,0.75,6.25
https://encyclopedia.ushmm.org/content/en/timeline-event/holocaust/1933-1938/creation-of-lebensborn-program,3,4,0.75,8.5
https://encyclopedia.ushmm.org/content/zh/gallery/genocide-of-european-roma-gypsies-1939-1945-films,3,4,0.75,10.0
https://encyclopedia.ushmm.org/content/ar/article/axis-powers-in-world-war-ii,3,3,1.0,1.0
https://encyclopedia.ushmm.org/content/en/article/about-life-after-the-holocaust,3,3,1.0,1.0
https://encyclopedia.ushmm.org/content/en/id-card/adolphe-arnold,3,3,1.0,1.0
https://encyclopedia.ushmm.org/content/en/map/europe-1939,3,3,1.0,1.0
https://encyclopedia.ushmm.org/content/en/timeline-event/holocaust/1942-1945/liquidation-of-the-krakow-ghetto,3,3,1.0,1.0
https://encyclopedia.ushmm.org/content/fr/article/final-solution-overview,3,3,1.0,1.0
https://encyclopedia.ushmm.org/content/ja/article/antisemitism,3,3,1.0,1.0
https://encyclopedia.ushmm.org/content/zh/photo/ustasa-guards-order-a-jewish-man-to-remove-his-ring,3,3,1.0,1.0
https://encyclopedia.ushmm.org/content/en/photo/herta-oberheuser,3,3,1.0,1.33
https://encyclopedia.ushmm.org/content/en/article/displaced-persons,3,3,1.0,1.67
https://encyclopedia.ushmm.org/content/en/article/gurs,3,3,1.0,1.67
https://encyclopedia.ushmm.org/content/en/article/locating-the-victims,3,3,1.0,1.67
https://encyclopedia.ushmm.org/content/en/timeline-event/holocaust/1939-1941/auschwitz-camp-established,3,3,1.0,1.67
https://encyclopedia.ushmm.org/content/en/article/chelmno,3,3,1.0,2.0
https://encyclopedia.ushmm.org/content/en/article/life-in-shadows-hidden-children-and-the-holocaust,3,3,1.0,2.0
https://encyclopedia.ushmm.org/content/en/article/postwar-refugee-crisis-and-the-establishment-of-the-state-of-israel,3,3,1.0,2.0
https://encyclopedia.ushmm.org/content/en/article/the-sicherheitsdienst-sd,3,3,1.0,2.0
https://encyclopedia.ushmm.org/content/en/article/wilhelm-frick,3,3,1.0,2.0
https://encyclopedia.ushmm.org/content/ru/map/killing-centers-in-occupied-poland-1942,3,3,1.0,2.0
https://encyclopedia.ushmm.org/content/ar/article/world-war-i,3,3,1.0,2.33
https://encyclopedia.ushmm.org/content/en/article/1934-key-dates,3,3,1.0,2.33
https://encyclopedia.ushmm.org/content/en/article/hadamar,3,3,1.0,2.33
https://encyclopedia.ushmm.org/content/ar/article/protocols-of-the-elders-of-zion,3,3,1.0,3.0
https://encyclopedia.ushmm.org/content/en/article/jan-zwartendijk,3,3,1.0,3.0
https://encyclopedia.ushmm.org/content/ja/article/world-war-ii-in-europe,3,3,1.0,3.0
https://encyclopedia.ushmm.org/content/ru/article/introduction-to-the-holocaust,3,3,1.0,3.0
https://encyclopedia.ushmm.org/content/ja/article/oskar-schindler-abridged-article,3,3,1.0,3.33
https://encyclopedia.ushmm.org/content/en/article/john-demjanjuk-prosecution-of-a-nazi-collaborator,3,3,1.0,3.67
https://encyclopedia.ushmm.org/content/ko/film/hitler-campaign-speech,3,3,1.0,3.67
https://encyclopedia.ushmm.org/content/en/article/czechoslovakia,3,3,1.0,4.0
https://encyclopedia.ushmm.org/content/en/article/german-invasion-of-western-europe-may-1940,3,3,1.0,4.33
https://encyclopedia.ushmm.org/content/en/id-card/willem-arondeus,3,3,1.0,4.33
https://encyclopedia.ushmm.org/content/ru/gallery/history-of-the-swastika-photographs,3,3,1.0,4.67
https://encyclopedia.ushmm.org/content/ko/article/adolf-hitler,3,3,1.0,5.0
https://encyclopedia.ushmm.org/content/en/timeline-event/holocaust/1942-1945/hitler-commits-suicide,3,3,1.0,5.33
https://encyclopedia.ushmm.org/content/zh/photo/prisoners-in-the-sachsenhausen-camp,3,3,1.0,6.0
https://encyclopedia.ushmm.org/content/en/map/germany-1933,3,3,1.0,7.0
https://encyclopedia.ushmm.org/content/en/article/france,3,3,1.0,9.0
https://encyclopedia.ushmm.org/content/en/article/sobibor-uprising,3,3,1.0,9.33
https://encyclopedia.ushmm.org/content/en/article/the-german-military-and-the-holocaust,3,3,1.0,13.33
https://encyclopedia.ushmm.org/content/en/article/vladimir-lenin,3,3,1.0,14.0
https://encyclopedia.ushmm.org/content/zh/film/pogrom-in-lvov,3,3,1.0,14.0
https://encyclopedia.ushmm.org/content/en/article/adolf-hitler-1919-1924,3,3,1.0,15.0
https://encyclopedia.ushmm.org/content/zh/article/united-states-and-the-holocaust-abridged-article,3,3,1.0,15.0
https://encyclopedia.ushmm.org/content/zh/film/liberation-of-auschwitz-victims-of-medical-experiments,3,3,1.0,16.0
https://encyclopedia.ushmm.org/content/zh/article/warsaw-abridged-article,2,493,0.0041,9.43
https://encyclopedia.ushmm.org/content/en/article/communism-1,2,72,0.0278,8.76
https://encyclopedia.ushmm.org/content/en/article/d-day,2,71,0.0282,1.0
https://encyclopedia.ushmm.org/content/es/article/world-war-ii-in-europe-abridged-article,2,26,0.0769,4.0
https://encyclopedia.ushmm.org/content/en/article/german-american-bund,2,22,0.0909,8.82
https://encyclopedia.ushmm.org/content/en/article/tattoos-and-numbers-the-system-of-identifying-prisoners-at-auschwitz,2,14,0.1429,2.93
https://encyclopedia.ushmm.org/content/zh/article/the-nuremberg-race-laws,2,10,0.2,9.3
https://encyclopedia.ushmm.org/content/en/gallery/anne-frank-photographs,2,9,0.2222,1.0
https://encyclopedia.ushmm.org/content/fa/article/history-of-the-swastika,2,9,0.2222,4.56
https://encyclopedia.ushmm.org/content/zh/id-card/karl-lange,2,7,0.2857,8.0
https://encyclopedia.ushmm.org/content/en/article/rosa-luxemburg,2,6,0.3333,8.83
https://encyclopedia.ushmm.org/content/en/id-card/abraham-bergman,2,5,0.4,1.0
https://encyclopedia.ushmm.org/content/zh/article/the-role-of-the-police,2,5,0.4,3.8
https://encyclopedia.ushmm.org/content/zh/gallery/genocide-of-european-roma-gypsies-1939-1945-stories,2,5,0.4,7.0
https://encyclopedia.ushmm.org/content/en/article/auschwitz-1,2,5,0.4,7.2
https://encyclopedia.ushmm.org/content/en/id-card/lisa-dawidowicz,2,4,0.5,1.0
https://encyclopedia.ushmm.org/content/en/article/antisemitic-legislation-1933-1939,2,4,0.5,2.0
https://encyclopedia.ushmm.org/content/fr/article/oskar-schindler,2,4,0.5,3.5
https://encyclopedia.ushmm.org/content/zh/film/liberation-of-mauthausen-and-gusen,2,4,0.5,4.25
https://encyclopedia.ushmm.org/content/en/article/huertgen-forest,2,4,0.5,6.75
https://encyclopedia.ushmm.org/content/ja/article/hitler-comes-to-power,2,4,0.5,7.5
https://encyclopedia.ushmm.org/content/ja/article/anne-frank,2,4,0.5,7.75
https://encyclopedia.ushmm.org/content/en/article/the-101st-airborne-division,2,4,0.5,8.75
https://encyclopedia.ushmm.org/content/en/article/boycott-of-jewish-businesses,2,3,0.6667,1.0
https://encyclopedia.ushmm.org/content/en/gallery/the-armenian-genocide-1915-16-in-depth-photographs,2,3,0.6667,1.0
https://encyclopedia.ushmm.org/content/ja/article/the-nuremberg-race-laws,2,3,0.6667,1.0
https://encyclopedia.ushmm.org/content/en/article/westerbork,2,3,0.6667,1.33
https://encyclopedia.ushmm.org/content/en/timeline-event/holocaust/1933-1938/law-for-the-restoration-of-the-professional-civil-service,2,3,0.6667,1.33
https://encyclopedia.ushmm.org/content/de/article/martin-niemoeller-first-they-came-for-the-socialists,2,3,0.6667,1.67
https://encyclopedia.ushmm.org/content/en/article/german-rule-in-occupied-europe,2,3,0.6667,1.67
https://encyclopedia.ushmm.org/content/de/id-card/inge-auerbacher,2,3,0.6667,2.0
https://encyclopedia.ushmm.org/content/en/gallery/bombing-of-warsaw,2,3,0.6667,2.0
https://encyclopedia.ushmm.org/content/ja/article/gassing-operations,2,3,0.6667,2.0
https://encyclopedia.ushmm.org/content/pt-br/article/history-of-the-swastika,2,3,0.6667,2.0
https://encyclopedia.ushmm.org/content/ru/article/auschwitz,2,3,0.6667,2.33
https://encyclopedia.ushmm.org/content/en/article/nazi-racism-an-overview,2,3,0.6667,2.67
https://encyclopedia.ushmm.org/content/en/article/deportations,2,3,0.6667,3.0
https://encyclopedia.ushmm.org/content/fr/article/josef-mengele,2,3,0.6667,3.0
https://encyclopedia.ushmm.org/content/ja/article/nazi-propaganda,2,3,0.6667,3.0
https://encyclopedia.ushmm.org/content/en/article/death-marches-1,2,3,0.6667,3.33
https://encyclopedia.ushmm.org/content/en/article/vilna,2,3,0.6667,3.33
https://encyclopedia.ushmm.org/content/en/gallery/euthanasia-program,2,3,0.6667,3.33
https://encyclopedia.ushmm.org/content/en/timeline-event/holocaust/before-1933/hindenburg-spreads-stab-in-the-back-myth,2,3,0.6667,3.67
https://encyclopedia.ushmm.org/content/en/article/at-the-killing-centers,2,3,0.6667,4.0
https://encyclopedia.ushmm.org/content/en/timeline-event/holocaust/1942-1945/soviet-forces-liberate-auschwitz,2,3,0.6667,4.0
https://encyclopedia.ushmm.org/content/en/article/leon-degrelle-1,2,3,0.6667,4.67
https://encyclopedia.ushmm.org/content/fr/article/victims-of-the-nazi-era-nazi-racial-ideology,2,3,0.6667,4.67
https://encyclopedia.ushmm.org/content/zh/article/book-burning,2,3,0.6667,5.33
https://encyclopedia.ushmm.org/content/en/photo/italian-fascist-leader-benito-mussolini-gives-a-speech,2,3,0.6667,5.67
https://encyclopedia.ushmm.org/content/en/article/zimbabwe-overview,2,3,0.6667,6.0
https://encyclopedia.ushmm.org/content/zh/photo/high-ranking-arrow-cross-party-members-with-nazi-officers,2,3,0.6667,6.0
https://encyclopedia.ushmm.org/content/ru/film/hitler-campaign-speech,2,3,0.6667,6.67
https://encyclopedia.ushmm.org/content/en/article/adolf-hitler-1924-1930,2,3,0.6667,7.33
https://encyclopedia.ushmm.org/content/zh/article/mass-shootings-of-jews-during-the-holocaust,2,3,0.6667,7.33
https://encyclopedia.ushmm.org/content/en/article/alfred-dreyfus-and-the-dreyfus-affair,2,3,0.6667,8.0
https://encyclopedia.ushmm.org/content/zh/film/germany-invades-poland,2,3,0.6667,8.0
https://encyclopedia.ushmm.org/content/zh/article/the-aftermath-of-the-holocaust,2,3,0.6667,14.33
https://encyclopedia.ushmm.org/content/en/article/article-48,2,2,1.0,1.0
https://encyclopedia.ushmm.org/content/en/article/helen-keller,2,2,1.0,1.0
https://encyclopedia.ushmm.org/content/en/article/jewish-life-in-europe-before-the-holocaust,2,2,1.0,1.0
https://encyclopedia.ushmm.org/content/en/article/prisoners-of-the-camps,2,2,1.0,1.0
https://encyclopedia.ushmm.org/content/en/article/purim,2,2,1.0,1.0
https://encyclopedia.ushmm.org/content/en/article/the-war-refugee-board,2,2,1.0,1.0
https://encyclopedia.ushmm.org/content/en/article/wagner-rogers-bill,2,2,1.0,1.0
https://encyclopedia.ushmm.org/content/en/film/hitler-tours-paris,2,2,1.0,1.0
https://encyclopedia.ushmm.org/content/en/gallery/auschwitz-maps,2,2,1.0,1.0
https://encyclopedia.ushmm.org/content/en/id-card/zofia-yamaika,2,2,1.0,1.0
https://encyclopedia.ushmm.org/content/en/map/europe-1940,2,2,1.0,1.0
https://encyclopedia.ushmm.org/content/en/photo/1934-nazi-party-propaganda-poster,2,2,1.0,1.0
https://encyclopedia.ushmm.org/content/en/timeline-event/holocaust/1942-1945/liberation-of-dachau,2,2,1.0,1.0
https://encyclopedia.ushmm.org/content/es/article/antisemitism-in-history-from-the-early-church-to-1400,2,2,1.0,1.0
https://encyclopedia.ushmm.org/content/fr/article/blitzkrieg-lightning-war,2,2,1.0,1.0
https://encyclopedia.ushmm.org/content/fr/article/invasion-of-poland-fall-1939,2,2,1.0,1.0
https://encyclopedia.ushmm.org/content/ja/article/aryan-1,2,2,1.0,1.0
https://encyclopedia.ushmm.org/content/ja/article/the-murder-of-people-with-disabilities,2,2,1.0,1.0
https://encyclopedia.ushmm.org/content/ja/article/world-war-ii-in-europe-abridged-article,2,2,1.0,1.0
https://encyclopedia.ushmm.org/content/ko/article/antisemitism,2,2,1.0,1.0
https://encyclopedia.ushmm.org/content/ko/gallery/auschwitz-photographs,2,2,1.0,1.0
https://encyclopedia.ushmm.org/content/pt-br/article/documenting-numbers-of-victims-of-the-holocaust-and-nazi-persecution,2,2,1.0,1.0
https://encyclopedia.ushmm.org/content/ru/article/axis-powers-in-world-war-ii,2,2,1.0,1.0
https://encyclopedia.ushmm.org/content/ru/article/the-armenian-genocide-1915-16-overview,2,2,1.0,1.0
https://encyclopedia.ushmm.org/content/ru/article/world-war-i-treaties-and-reparations,2,2,1.0,1.0
https://encyclopedia.ushmm.org/content/ru/photo/hitler-and-speer-in-paris,2,2,1.0,1.0
https://encyclopedia.ushmm.org/landing/en/id-cards,2,2,1.0,1.0
https://encyclopedia.ushmm.org/content/en/article/lithuania,2,2,1.0,1.5
https://encyclopedia.ushmm.org/content/en/article/the-kielce-pogrom-a-blood-libel-massacre-of-holocaust-survivors,2,2,1.0,1.5
https://encyclopedia.ushmm.org/content/en/gallery/occupation-of-poland,2,2,1.0,1.5
https://encyclopedia.ushmm.org/content/ja/article/ghettos-in-poland,2,2,1.0,1.5
https://encyclopedia.ushmm.org/content/tr/article/ss-police-state,2,2,1.0,1.5
https://encyclopedia.ushmm.org/content/zh/photo/former-gas-chamber-in-the-auschwitz-main-camp,2,2,1.0,1.5
https://encyclopedia.ushmm.org/content/en/article/adolf-hitler-key-dates,2,2,1.0,2.0
https://encyclopedia.ushmm.org/content/en/article/collaboration,2,2,1.0,2.0
https://encyclopedia.ushmm.org/content/en/article/freemasonry-under-the-nazi-regime,2,2,1.0,2.0
https://encyclopedia.ushmm.org/content/en/article/kovno,2,2,1.0,2.0
https://encyclopedia.ushmm.org/content/en/article/lidice,2,2,1.0,2.0
https://encyclopedia.ushmm.org/content/en/article/polish-refugees-in-iran-during-world-war-ii,2,2,1.0,2.0
https://encyclopedia.ushmm.org/content/en/timeline-event/holocaust/before-1933/the-armenian-genocide,2,2,1.0,2.0
https://encyclopedia.ushmm.org/content/fr/article/world-war-ii-key-dates,2,2,1.0,2.0
https://encyclopedia.ushmm.org/content/id/article/world-war-i,2,2,1.0,2.0
https://encyclopedia.ushmm.org/content/ja/article/nazi-racism,2,2,1.0,2.0
https://encyclopedia.ushmm.org/content/ja/map/german-territorial-losses-treaty-of-versailles-1919,2,2,1.0,2.0
https://encyclopedia.ushmm.org/tags/en/tag/der-sturmer,2,2,1.0,2.0
https://encyclopedia.ushmm.org/content/en/article/1933-key-dates,2,2,1.0,2.5
https://encyclopedia.ushmm.org/content/en/article/neuengamme,2,2,1.0,2.5
https://encyclopedia.ushmm.org/content/en/article/the-july-20-1944-plot-to-assassinate-adolf-hitler,2,2,1.0,2.5
https://encyclopedia.ushmm.org/content/en/artifact/hitler-youth-poster,2,2,1.0,2.5
https://encyclopedia.ushmm.org/content/es/article/invasion-of-poland-fall-1939,2,2,1.0,2.5
https://encyclopedia.ushmm.org/content/ja/article/pearl-harbor,2,2,1.0,2.5
https://encyclopedia.ushmm.org/content/zh/article/kiev-and-babi-yar,2,2,1.0,2.5
https://encyclopedia.ushmm.org/content/zh/article/sobibor-abridged-article,2,2,1.0,2.5
https://encyclopedia.ushmm.org/content/en/article/emanuel-ringelblum-and-the-creation-of-the-oneg-shabbat-archive,2,2,1.0,3.0
https://encyclopedia.ushmm.org/content/en/article/jewish-councils-judenraete,2,2,1.0,3.0
https://encyclopedia.ushmm.org/content/en/article/the-press-in-the-third-reich,2,2,1.0,3.0
https://encyclopedia.ushmm.org/content/en/id-card/thomas-buergenthal,2,2,1.0,3.0
https://encyclopedia.ushmm.org/content/es/article/d-day,2,2,1.0,3.0
https://encyclopedia.ushmm.org/content/zh/gallery/protocols-of-the-elders-of-zion-photographs,2,2,1.0,3.0
https://encyclopedia.ushmm.org/content/en/article/1939-key-dates,2,2,1.0,3.5
https://encyclopedia.ushmm.org/content/en/article/denmark,2,2,1.0,3.5
https://encyclopedia.ushmm.org/content/en/article/final-solution-in-depth,2,2,1.0,3.5
https://encyclopedia.ushmm.org/content/en/article/nikolaus-klaus-barbie-the-butcher-of-lyon,2,2,1.0,3.5
https://encyclopedia.ushmm.org/content/ja/article/kristallnacht,2,2,1.0,3.5
https://encyclopedia.ushmm.org/content/ru/article/martin-niemoeller-first-they-came-for-the-socialists,2,2,1.0,3.5
https://encyclopedia.ushmm.org/content/en/article/salonika,2,2,1.0,4.0
https://encyclopedia.ushmm.org/content/en/article/timeline-of-the-german-military-and-the-nazi-regime,2,2,1.0,4.0
https://encyclopedia.ushmm.org/content/ru/article/protocols-of-the-elders-of-zion-key-dates,2,2,1.0,4.0
https://encyclopedia.ushmm.org/content/zh/article/collaboration,2,2,1.0,4.0
https://encyclopedia.ushmm.org/content/zh/article/death-marches-1,2,2,1.0,4.0
https://encyclopedia.ushmm.org/content/en/article/janusz-korczak-1,2,2,1.0,4.5
https://encyclopedia.ushmm.org/content/en/article/making-a-leader,2,2,1.0,4.5
https://encyclopedia.ushmm.org/content/en/article/night-and-fog-decree,2,2,1.0,4.5
https://encyclopedia.ushmm.org/content/ko/article/nazi-territorial-aggression-the-anschluss,2,2,1.0,4.5
https://encyclopedia.ushmm.org/content/ru/article/auschwitz-1,2,2,1.0,4.5
https://encyclopedia.ushmm.org/content/ru/article/oskar-schindler-abridged-article,2,2,1.0,4.5
https://encyclopedia.ushmm.org/content/ru/map/the-dissolution-of-the-ottoman-empire-1807-1924,2,2,1.0,4.5
https://encyclopedia.ushmm.org/content/en/article/hajj-amin-al-husayni-wartime-propagandist,2,2,1.0,5.0
https://encyclopedia.ushmm.org/content/en/article/jewish-communities-of-prewar-germany,2,2,1.0,5.0
https://encyclopedia.ushmm.org/content/tr/article/the-armenian-genocide-1915-16-in-depth,2,2,1.0,5.0
https://encyclopedia.ushmm.org/content/ru/article/hitler-comes-to-power,2,2,1.0,5.5
https://encyclopedia.ushmm.org/content/en/article/voyage-of-the-st-louis-1,2,2,1.0,6.0
https://encyclopedia.ushmm.org/content/zh/film/deportation-of-jews-from-balti-bessarabia,2,2,1.0,6.0
https://encyclopedia.ushmm.org/content/fr/article/the-armenian-genocide-1915-16-overview,2,2,1.0,6.5
https://encyclopedia.ushmm.org/content/fr/article/world-war-i,2,2,1.0,6.5
https://encyclopedia.ushmm.org/content/de/article/mein-kampf,2,2,1.0,7.0
https://encyclopedia.ushmm.org/content/en/article/allied-military-operations-in-north-africa,2,2,1.0,7.5
https://encyclopedia.ushmm.org/content/en/article/the-armenian-genocide-1915-16-in-depth,2,2,1.0,7.5
https://encyclopedia.ushmm.org/content/fr/film/sudetenland-ceded-to-germany,2,2,1.0,8.0
https://encyclopedia.ushmm.org/content/en/article/public-humiliation,2,2,1.0,8.5
https://encyclopedia.ushmm.org/content/zh/article/jewish-partisans,2,2,1.0,8.5
https://encyclopedia.ushmm.org/content/zh/article/the-bielski-partisans,2,2,1.0,9.0
https://encyclopedia.ushmm.org/content/en/article/the-united-states-isolation-intervention,2,2,1.0,10.0
https://encyclopedia.ushmm.org/content/en/article/freemasonry,2,2,1.0,13.0
https://encyclopedia.ushmm.org/tags/en/tag/allied-powers,2,2,1.0,13.5
https://encyclopedia.ushmm.org/content/zh/photo/defendant-adolf-eichmann-on-trial,2,2,1.0,19.0
https://encyclopedia.ushmm.org/content/zh/photo/ss-troops-lead-a-group-of-poles-into-a-forest-for-execution,2,2,1.0,24.0
https://encyclopedia.ushmm.org/content/en/article/world-war-i-treaties-and-reparations,2,2,1.0,48.5
https://encyclopedia.ushmm.org/content/zh/gallery/world-war-ii-in-europe-photographs,1,172,0.0058,2.35
https://encyclopedia.ushmm.org/content/zh/gallery/the-nazi-olympics-berlin-1936-photographs,1,155,0.0065,7.74
https://encyclopedia.ushmm.org/content/en/timeline-event/holocaust/1939-1941/jewish-badge-decreed,1,144,0.0069,6.78
https://encyclopedia.ushmm.org/content/en/article/ss-and-police,1,71,0.0141,1.63
https://encyclopedia.ushmm.org/content/en/article/genocide-timeline,1,62,0.0161,3.79
https://encyclopedia.ushmm.org/content/zh/film/nuremberg-trial-goering-testifies,1,31,0.0323,10.19
https://encyclopedia.ushmm.org/content/es/article/world-war-ii-in-europe,1,28,0.0357,2.86
https://encyclopedia.ushmm.org/content/zh/id-card/fritz-silten,1,25,0.04,7.36
https://encyclopedia.ushmm.org/content/zh/film/roosevelt-announces-aid-for-britain,1,23,0.0435,10.83
https://encyclopedia.ushmm.org/content/zh/article/anne-frank-abridged-article,1,21,0.0476,8.43
https://encyclopedia.ushmm.org/content/zh/article/anne-frank,1,21,0.0476,9.1
https://encyclopedia.ushmm.org/content/en/article/world-war-i,1,20,0.05,1.05
https://encyclopedia.ushmm.org/content/es/article/world-war-ii-in-depth,1,19,0.0526,5.32
https://encyclopedia.ushmm.org/en/a-z/landing,1,14,0.0714,6.71
https://encyclopedia.ushmm.org/content/en/article/types-of-ghettos,1,13,0.0769,7.62
https://encyclopedia.ushmm.org/content/zh/photo/adolf-hitler-leaves-the-reich-chancellery-after-meeting-with-president-paul-von-hindenburg,1,12,0.0833,9.83
https://encyclopedia.ushmm.org/content/en/gallery/nazi-propaganda-photographs,1,11,0.0909,1.91
https://encyclopedia.ushmm.org/content/en/article/nicholas-winton-and-the-rescue-of-children-from-czechoslovakia-1938-1939,1,11,0.0909,7.18
https://encyclopedia.ushmm.org/content/en/oral-history/yonia-fain-describes-leaving-warsaw-after-the-german-invasion-of-poland,1,11,0.0909,9.18
https://encyclopedia.ushmm.org/content/en/project/the-holocaust-a-learning-site-for-students,1,10,0.1,2.6
https://encyclopedia.ushmm.org/content/es/article/liberation-of-nazi-camps,1,10,0.1,4.6
https://encyclopedia.ushmm.org/content/zh/article/oskar-schindler,1,9,0.1111,2.22
https://encyclopedia.ushmm.org/content/zh/article/rescue-in-denmark,1,9,0.1111,29.0
https://encyclopedia.ushmm.org/content/zh/id-card/frederick-dermer,1,8,0.125,3.62
https://encyclopedia.ushmm.org/content/en/timeline-event/holocaust/1942-1945/the-nazi-plan,1,8,0.125,4.0
https://encyclopedia.ushmm.org/en/about,1,8,0.125,7.12
https://encyclopedia.ushmm.org/content/en/article/1936-key-dates,1,6,0.1667,4.33
https://encyclopedia.ushmm.org/content/ko/article/the-warsaw-ghetto-uprising,1,4,0.25,2.0
https://encyclopedia.ushmm.org/content/ko/gallery/women-during-the-holocaust-photographs,1,4,0.25,2.0
https://encyclopedia.ushmm.org/content/en/article/african-americans-in-nazi-germany,1,3,0.3333,1.0
https://encyclopedia.ushmm.org/content/en/article/mir-yeshiva,1,3,0.3333,1.0
https://encyclopedia.ushmm.org/content/en/article/nazi-camp-system,1,3,0.3333,1.0
https://encyclopedia.ushmm.org/content/en/id-card/frida-adler,1,3,0.3333,1.0
https://encyclopedia.ushmm.org/content/en/id-card/inge-auerbacher,1,3,0.3333,1.0
https://encyclopedia.ushmm.org/content/en/article/first-letter-to-all-judges,1,3,0.3333,2.0
https://encyclopedia.ushmm.org/content/en/gallery/yitzhak-irving-balsam-maps,1,3,0.3333,2.0
https://encyclopedia.ushmm.org/content/ja/article/holocaust-deniers-and-public-misinformation,1,3,0.3333,2.0
https://encyclopedia.ushmm.org/content/ru/article/kristallnacht,1,3,0.3333,3.0
https://encyclopedia.ushmm.org/content/zh/article/dachau,1,3,0.3333,3.67
https://encyclopedia.ushmm.org/content/en/timeline-event/holocaust/before-1933/nazi-party-platform,1,3,0.3333,4.0
https://encyclopedia.ushmm.org/content/zh/photo/nazi-storm-troopers-sa-block-the-entrance-to-a-trade-union-building,1,3,0.3333,4.0
https://encyclopedia.ushmm.org/content/zh/article/children-during-the-holocaust,1,3,0.3333,4.33
https://encyclopedia.ushmm.org/content/zh/project/the-holocaust-a-learning-site-for-students,1,3,0.3333,4.33
https://encyclopedia.ushmm.org/content/ar/article/aryan-1,1,3,0.3333,5.0
https://encyclopedia.ushmm.org/content/ru/article/antisemitism-1,1,3,0.3333,5.0
https://encyclopedia.ushmm.org/content/zh/artifact/granite-quarried-in-mauthausen,1,3,0.3333,6.0
https://encyclopedia.ushmm.org/content/en/article/vidkun-quisling-1,1,3,0.3333,7.0
https://encyclopedia.ushmm.org/content/zh/photo/poster-we-women-are-voting-slate-2-national-socialists,1,3,0.3333,7.0
https://encyclopedia.ushmm.org/content/en/gallery/hitler-youth,1,3,0.3333,8.0
https://encyclopedia.ushmm.org/content/en/photo/josef-mengele,1,3,0.3333,8.0
https://encyclopedia.ushmm.org/content/zh/gallery/international-military-tribunal-at-nuremberg-films,1,3,0.3333,10.0
https://encyclopedia.ushmm.org/content/en/article/artist-on-the-blacklist-ludwig-meidner,1,3,0.3333,17.0
https://encyclopedia.ushmm.org/content/en/article/berlin,1,2,0.5,1.0
https://encyclopedia.ushmm.org/content/en/article/exodus-1947,1,2,0.5,1.0
https://encyclopedia.ushmm.org/content/en/article/lodz,1,2,0.5,1.0
https://encyclopedia.ushmm.org/content/en/article/the-order-police,1,2,0.5,1.0
https://encyclopedia.ushmm.org/content/en/artifact/hartheim-register,1,2,0.5,1.0
https://encyclopedia.ushmm.org/content/en/gallery/german-invasion-of-western-europe-may-1940-films,1,2,0.5,1.0
https://encyclopedia.ushmm.org/content/en/id-card/barbara-nemeth-balint,1,2,0.5,1.0
https://encyclopedia.ushmm.org/content/en/id-card/lila-lam,1,2,0.5,1.0
https://encyclopedia.ushmm.org/content/en/id-card/nadine-schatz,1,2,0.5,1.0
https://encyclopedia.ushmm.org/content/en/id-card/vladan-popovic,1,2,0.5,1.0
https://encyclopedia.ushmm.org/content/en/oral-history/bart-stern-describes-how-he-survived-to-be-liberated-in-the-auschwitz-camp,1,2,0.5,1.0
https://encyclopedia.ushmm.org/content/en/timeline-event/holocaust/1942-1945/liberation-of-ravensbrueck,1,2,0.5,1.0
https://encyclopedia.ushmm.org/content/ja/article/german-rule-in-occupied-europe,1,2,0.5,1.0
https://encyclopedia.ushmm.org/content/ko/article/history-of-the-swastika,1,2,0.5,1.0
https://encyclopedia.ushmm.org/content/ru/gallery/third-reich-abridged-article-films,1,2,0.5,1.0
https://encyclopedia.ushmm.org/content/zh/document/newspaper-article-the-refugee-tragedy,1,2,0.5,1.0
https://encyclopedia.ushmm.org/content/en/article/sighet,1,2,0.5,1.5
https://encyclopedia.ushmm.org/content/en/id-card/friedrich-paul-von-groszheim,1,2,0.5,1.5
https://encyclopedia.ushmm.org/content/ar/article/third-reich-an-overview,1,2,0.5,2.0
https://encyclopedia.ushmm.org/content/en/article/culture-in-the-third-reich-overview,1,2,0.5,2.0
https://encyclopedia.ushmm.org/content/en/article/german-railways-and-the-holocaust,1,2,0.5,2.0
https://encyclopedia.ushmm.org/content/en/id-card/shulamit-perlmutter-charlene-schiff,1,2,0.5,2.0
https://encyclopedia.ushmm.org/content/en/photo/sentencing-of-herta-oberheuser,1,2,0.5,2.0
https://encyclopedia.ushmm.org/content/en/timeline-event/holocaust/1933-1938/rumbold-dispatch-1,1,2,0.5,2.0
https://encyclopedia.ushmm.org/content/it/article/german-jews-during-the-holocaust,1,2,0.5,2.0
https://encyclopedia.ushmm.org/content/ko/article/oskar-schindler-abridged-article,1,2,0.5,2.0
https://encyclopedia.ushmm.org/en/a-z/oral-history,1,2,0.5,2.0
https://encyclopedia.ushmm.org/content/en/article/childrens-aid-society-oeuvre-de-secours-aux-enfants,1,2,0.5,3.0
https://encyclopedia.ushmm.org/content/en/article/third-reich-an-overview,1,2,0.5,3.0
https://encyclopedia.ushmm.org/content/es/article/aryan-1,1,2,0.5,3.0
https://encyclopedia.ushmm.org/content/zh/film/liberation-of-dachau,1,2,0.5,3.0
https://encyclopedia.ushmm.org/content/zh/photo/maypole-topped-with-a-swastika,1,2,0.5,3.0
https://encyclopedia.ushmm.org/content/en/article/subsequent-nuremberg-proceedings-case-5-the-flick-case,1,2,0.5,3.5
https://encyclopedia.ushmm.org/content/en/film/invasion-of-the-soviet-union,1,2,0.5,3.5
https://encyclopedia.ushmm.org/content/ja/article/auschwitz,1,2,0.5,3.5
https://encyclopedia.ushmm.org/content/de/article/axis-powers-in-world-war-ii,1,2,0.5,4.0
https://encyclopedia.ushmm.org/content/en/article/joachim-von-ribbentrop,1,2,0.5,4.0
https://encyclopedia.ushmm.org/content/en/article/the-holocaust-and-world-war-ii-key-dates,1,2,0.5,4.0
https://encyclopedia.ushmm.org/content/en/article/the-nuremberg-code,1,2,0.5,4.0
https://encyclopedia.ushmm.org/content/en/gallery/german-railways-and-the-holocaust-photographs,1,2,0.5,4.0
https://encyclopedia.ushmm.org/content/en/photo/nazi-physician-karl-brandt-director-of-the-euthanasia-program,1,2,0.5,4.0
https://encyclopedia.ushmm.org/content/fa/article/josef-mengele,1,2,0.5,4.0
https://encyclopedia.ushmm.org/content/ru/article/eugenics,1,2,0.5,4.0
https://encyclopedia.ushmm.org/content/ru/article/liberation,1,2,0.5,4.0
https://encyclopedia.ushmm.org/content/en/article/greece,1,2,0.5,5.0
https://encyclopedia.ushmm.org/content/en/article/otto-wels,1,2,0.5,5.0
https://encyclopedia.ushmm.org/content/en/timeline-event/holocaust/1942-1945/deportation-of-hungarian-jews,1,2,0.5,5.0
https://encyclopedia.ushmm.org/content/ru/article/genocide-timeline,1,2,0.5,5.0
https://encyclopedia.ushmm.org/content/zh/article/holocaust-abridged-article,1,2,0.5,5.0
https://encyclopedia.ushmm.org/content/zh/article/life-in-the-ghettos,1,2,0.5,5.0
https://encyclopedia.ushmm.org/content/zh/id-card/michael-von-hoppen-waldhorn,1,2,0.5,5.0
https://encyclopedia.ushmm.org/content/en/article/american-jewish-congress,1,2,0.5,6.0
https://encyclopedia.ushmm.org/content/fr/article/treaty-of-versailles,1,2,0.5,6.0
https://encyclopedia.ushmm.org/content/pl/article/invasion-of-the-soviet-union-june-1941,1,2,0.5,6.0
https://encyclopedia.ushmm.org/content/en/article/world-war-i-and-the-armenian-genocide,1,2,0.5,7.0
https://encyclopedia.ushmm.org/content/en/article/world-war-ii-in-europe,1,2,0.5,7.0
https://encyclopedia.ushmm.org/content/en/film/goebbels-claims-jews-will-destroy-culture,1,2,0.5,7.0
https://encyclopedia.ushmm.org/content/zh/article/the-movement-to-boycott-the-berlin-olympics-of-1936,1,2,0.5,7.0
https://encyclopedia.ushmm.org/content/zh/film/germans-bomb-coventry,1,2,0.5,8.5
https://encyclopedia.ushmm.org/content/zh/photo/members-of-the-ss-during-a-parade,1,2,0.5,8.5
https://encyclopedia.ushmm.org/content/zh/photo/illustrated-page-of-a-childs-diary-written-in-a-swiss-refugee-camp,1,2,0.5,9.0
https://encyclopedia.ushmm.org/content/en/timeline-event/holocaust/after-1945/verdicts-international-military-tribunal,1,2,0.5,10.0
https://encyclopedia.ushmm.org/content/zh/photo/synagogue-used-as-a-warehouse,1,2,0.5,10.0
https://encyclopedia.ushmm.org/content/en/article/forced-labor-an-overview,1,2,0.5,26.0
https://encyclopedia.ushmm.org/content/ar/article/antisemitism,1,1,1.0,1.0
https://encyclopedia.ushmm.org/content/ar/article/kristallnacht,1,1,1.0,1.0
https://encyclopedia.ushmm.org/content/ar/article/world-war-ii-key-dates,1,1,1.0,1.0
https://encyclopedia.ushmm.org/content/ar/question/what-does-war-make-possible,1,1,1.0,1.0
https://encyclopedia.ushmm.org/content/de/article/einsatzgruppen,1,1,1.0,1.0
https://encyclopedia.ushmm.org/content/de/article/gestapo,1,1,1.0,1.0
https://encyclopedia.ushmm.org/content/de/article/hitler-youth-2,1,1,1.0,1.0
https://encyclopedia.ushmm.org/content/en/article/aliyah-bet,1,1,1.0,1.0
https://encyclopedia.ushmm.org/content/en/article/antisemitism-in-history-world-war-i,1,1,1.0,1.0
https://encyclopedia.ushmm.org/content/en/article/aryanization,1,1,1.0,1.0
https://encyclopedia.ushmm.org/content/en/article/combating-holocaust-denial-evidence-of-the-holocaust-presented-at-nuremberg,1,1,1.0,1.0
https://encyclopedia.ushmm.org/content/en/article/elie-wiesel-timeline-and-world-events-1928-1951,1,1,1.0,1.0
https://encyclopedia.ushmm.org/content/en/article/erich-maria-remarque-in-depth,1,1,1.0,1.0
https://encyclopedia.ushmm.org/content/en/article/flossenbuerg,1,1,1.0,1.0
https://encyclopedia.ushmm.org/content/en/article/foundations-of-the-nazi-state,1,1,1.0,1.0
https://encyclopedia.ushmm.org/content/en/article/georg-bernhard,1,1,1.0,1.0
https://encyclopedia.ushmm.org/content/en/article/heinrich-mann,1,1,1.0,1.0
https://encyclopedia.ushmm.org/content/en/article/hungary-before-the-german-occupation,1,1,1.0,1.0
https://encyclopedia.ushmm.org/content/en/article/immigration-to-the-united-states-1933-41,1,1,1.0,1.0
https://encyclopedia.ushmm.org/content/en/article/italy,1,1,1.0,1.0
https://encyclopedia.ushmm.org/content/en/article/jewish-uprisings-in-camps,1,1,1.0,1.0
https://encyclopedia.ushmm.org/content/en/article/killing-center-revolts,1,1,1.0,1.0
https://encyclopedia.ushmm.org/content/en/article/mobile-killing-squads,1,1,1.0,1.0
https://encyclopedia.ushmm.org/content/en/article/nazi-persecution-of-soviet-prisoners-of-war,1,1,1.0,1.0
https://encyclopedia.ushmm.org/content/en/article/resistance-inside-germany,1,1,1.0,1.0
https://encyclopedia.ushmm.org/content/en/article/riga,1,1,1.0,1.0
https://encyclopedia.ushmm.org/content/en/article/subsequent-nuremberg-proceedings-case-7-the-hostage-case,1,1,1.0,1.0
https://encyclopedia.ushmm.org/content/en/article/the-murder-of-people-with-disabilities,1,1,1.0,1.0
https://encyclopedia.ushmm.org/content/en/artifact/hitler-youth-uniform-jacket,1,1,1.0,1.0
https://encyclopedia.ushmm.org/content/en/film/opening-of-1936-summer-olympic-games,1,1,1.0,1.0
https://encyclopedia.ushmm.org/content/en/film/swastika-flag-rises-over-versailles-and-paris,1,1,1.0,1.0
https://encyclopedia.ushmm.org/content/en/gallery/bergen-belsen-photographs,1,1,1.0,1.0
https://encyclopedia.ushmm.org/content/en/gallery/danzig,1,1,1.0,1.0
https://encyclopedia.ushmm.org/content/en/gallery/ghettos-maps,1,1,1.0,1.0
https://encyclopedia.ushmm.org/content/en/gallery/kindertransport-1938-40-photographs,1,1,1.0,1.0
https://encyclopedia.ushmm.org/content/en/gallery/kristallnacht-photographs,1,1,1.0,1.0
https://encyclopedia.ushmm.org/content/en/gallery/medical-experiments,1,1,1.0,1.0
https://encyclopedia.ushmm.org/content/en/gallery/photographer-yevgeny-khaldei,1,1,1.0,1.0
https://encyclopedia.ushmm.org/content/en/gallery/sobibor-maps,1,1,1.0,1.0
https://encyclopedia.ushmm.org/content/en/gallery/warsaw-photographs,1,1,1.0,1.0
https://encyclopedia.ushmm.org/content/en/id-card/bertha-adler,1,1,1.0,1.0
https://encyclopedia.ushmm.org/content/en/id-card/chaje-isakovic-adler,1,1,1.0,1.0
https://encyclopedia.ushmm.org/content/en/id-card/fruma-lieberman-perlmutter,1,1,1.0,1.0
https://encyclopedia.ushmm.org/content/en/id-card/jermie-adler,1,1,1.0,1.0
https://encyclopedia.ushmm.org/content/en/id-card/joseph-muscha-mueller,1,1,1.0,1.0
https://encyclopedia.ushmm.org/content/en/id-card/jovanka-jovicic-babunovic,1,1,1.0,1.0
https://encyclopedia.ushmm.org/content/en/id-card/karl-heinz-kusserow,1,1,1.0,1.0
https://encyclopedia.ushmm.org/content/en/id-card/miso-vogel,1,1,1.0,1.0
https://encyclopedia.ushmm.org/content/en/id-card/rozia-grynbaum,1,1,1.0,1.0
https://encyclopedia.ushmm.org/content/en/id-card/rudolf-acohen,1,1,1.0,1.0
https://encyclopedia.ushmm.org/content/en/id-card/yakov-biber,1,1,1.0,1.0
https://encyclopedia.ushmm.org/content/en/map/berlin-environs-1942,1,1,1.0,1.0
https://encyclopedia.ushmm.org/content/en/map/europe-1938,1,1,1.0,1.0
https://encyclopedia.ushmm.org/content/en/map/german-invasion-of-poland-september-1939,1,1,1.0,1.0
https://encyclopedia.ushmm.org/content/en/photo/1945-nazi-propaganda-poster,1,1,1.0,1.0
https://encyclopedia.ushmm.org/content/en/photo/gallows-near-the-buchenwald-camp,1,1,1.0,1.0
https://encyclopedia.ushmm.org/content/en/photo/nazi-ceremony-in-auschwitz-birkenau,1,1,1.0,1.0
https://encyclopedia.ushmm.org/content/en/photo/photograph-documenting-medical-experiments-on-a-polish-prisoner-in-the-ravensbrueck-concentration-camp,1,1,1.0,1.0
https://encyclopedia.ushmm.org/content/en/question/how-did-the-nazis-and-their-collaborators-implement-the-holocaust,1,1,1.0,1.0
https://encyclopedia.ushmm.org/content/en/question/what-conditions-and-ideas-made-the-holocaust-possible,1,1,1.0,1.0
https://encyclopedia.ushmm.org/content/en/timeline-event/holocaust/1933-1938/editors-law,1,1,1.0,1.0
https://encyclopedia.ushmm.org/content/en/timeline-event/holocaust/1933-1938/law-on-alteration-of-family-and-personal-names,1,1,1.0,1.0
https://encyclopedia.ushmm.org/content/en/timeline-event/holocaust/1942-1945/death-march-from-auschwitz,1,1,1.0,1.0
https://encyclopedia.ushmm.org/content/en/timeline-event/holocaust/1942-1945/us-forces-liberate-buchenwald,1,1,1.0,1.0
https://encyclopedia.ushmm.org/content/en/timeline-event/holocaust/after-1945/displaced-persons-act,1,1,1.0,1.0
https://encyclopedia.ushmm.org/content/es/article/documenting-numbers-of-victims-of-the-holocaust-and-nazi-persecution,1,1,1.0,1.0
https://encyclopedia.ushmm.org/content/es/article/world-war-i-abridged-article,1,1,1.0,1.0
https://encyclopedia.ushmm.org/content/es/article/world-war-ii-key-dates,1,1,1.0,1.0
https://encyclopedia.ushmm.org/content/es/gallery/greece-maps,1,1,1.0,1.0
https://encyclopedia.ushmm.org/content/fr/article/eichmann-trial,1,1,1.0,1.0
https://encyclopedia.ushmm.org/content/fr/article/international-military-tribunal-at-nuremberg,1,1,1.0,1.0
https://encyclopedia.ushmm.org/content/fr/article/nazi-territorial-aggression-the-anschluss,1,1,1.0,1.0
https://encyclopedia.ushmm.org/content/fr/article/quakers,1,1,1.0,1.0
https://encyclopedia.ushmm.org/content/fr/article/wannsee-conference-and-the-final-solution,1,1,1.0,1.0
https://encyclopedia.ushmm.org/content/id/article/introduction-to-the-holocaust,1,1,1.0,1.0
https://encyclopedia.ushmm.org/content/id/article/world-war-i-abridged-article,1,1,1.0,1.0
https://encyclopedia.ushmm.org/content/it/article/1934-key-dates,1,1,1.0,1.0
https://encyclopedia.ushmm.org/content/it/article/invasion-of-poland-fall-1939,1,1,1.0,1.0
https://encyclopedia.ushmm.org/content/it/map/german-occupied-areas-of-italy-1943,1,1,1.0,1.0
https://encyclopedia.ushmm.org/content/ja/article/axis-alliance-in-world-war-ii-abridged-article,1,1,1.0,1.0
https://encyclopedia.ushmm.org/content/ja/article/invasion-of-poland-fall-1939,1,1,1.0,1.0
https://encyclopedia.ushmm.org/content/ja/article/pogroms,1,1,1.0,1.0
https://encyclopedia.ushmm.org/content/ja/article/ss-police-state,1,1,1.0,1.0
https://encyclopedia.ushmm.org/content/ja/article/world-war-i-aftermath,1,1,1.0,1.0
https://encyclopedia.ushmm.org/content/ja/film/nuremberg-trial-goering-testifies,1,1,1.0,1.0
https://encyclopedia.ushmm.org/content/ja/film/pogrom-in-lvov,1,1,1.0,1.0
https://encyclopedia.ushmm.org/content/ja/gallery/nazi-camps-maps,1,1,1.0,1.0
https://encyclopedia.ushmm.org/content/ko/article/auschwitz,1,1,1.0,1.0
https://encyclopedia.ushmm.org/content/ko/article/gassing-operations-abridged-article,1,1,1.0,1.0
https://encyclopedia.ushmm.org/content/ko/article/ghettos,1,1,1.0,1.0
https://encyclopedia.ushmm.org/content/ko/article/nazi-propaganda,1,1,1.0,1.0
https://encyclopedia.ushmm.org/content/ko/article/world-war-i-abridged-article,1,1,1.0,1.0
https://encyclopedia.ushmm.org/content/ko/gallery/the-survivors-stories,1,1,1.0,1.0
https://encyclopedia.ushmm.org/content/ko/map/kristallnacht-nationwide-pogrom,1,1,1.0,1.0
https://encyclopedia.ushmm.org/content/pt-br/article/axis-alliance-in-world-war-ii-abridged-article,1,1,1.0,1.0
https://encyclopedia.ushmm.org/content/pt-br/article/world-war-ii-in-europe,1,1,1.0,1.0
https://encyclopedia.ushmm.org/content/pt-br/article/world-war-ii-key-dates,1,1,1.0,1.0
https://encyclopedia.ushmm.org/content/ru/article/invasion-of-the-soviet-union-june-1941,1,1,1.0,1.0
https://encyclopedia.ushmm.org/content/ru/article/world-war-ii-in-europe,1,1,1.0,1.0
https://encyclopedia.ushmm.org/content/ru/article/world-war-ii-in-europe-1,1,1,1.0,1.0
https://encyclopedia.ushmm.org/content/tr/article/documenting-numbers-of-victims-of-the-holocaust-and-nazi-persecution,1,1,1.0,1.0
https://encyclopedia.ushmm.org/content/uk/article/documenting-numbers-of-victims-of-the-holocaust-and-nazi-persecution,1,1,1.0,1.0
https://encyclopedia.ushmm.org/content/uk/article/world-war-ii-key-dates,1,1,1.0,1.0
https://encyclopedia.ushmm.org/content/zh/id-card/tomas-kulka,1,1,1.0,1.0
https://encyclopedia.ushmm.org/index.php/content/en/timeline-event/holocaust/1942-1945/liquidation-of-the-krakow-ghetto,1,1,1.0,1.0
https://encyclopedia.ushmm.org/content/ar/article/the-nuremberg-trials,1,1,1.0,2.0
https://encyclopedia.ushmm.org/content/ar/article/what-is-genocide,1,1,1.0,2.0
https://encyclopedia.ushmm.org/content/de/article/gay-men-under-the-nazi-regime,1,1,1.0,2.0
https://encyclopedia.ushmm.org/content/en/article/amsterdam,1,1,1.0,2.0
https://encyclopedia.ushmm.org/content/en/article/blechhammer,1,1,1.0,2.0
https://encyclopedia.ushmm.org/content/en/article/coining-a-word-and-championing-a-cause-the-story-of-raphael-lemkin,1,1,1.0,2.0
https://encyclopedia.ushmm.org/content/en/article/drancy,1,1,1.0,2.0
https://encyclopedia.ushmm.org/content/en/article/gusen,1,1,1.0,2.0
https://encyclopedia.ushmm.org/content/en/article/incitement-to-genocide-in-international-law,1,1,1.0,2.0
https://encyclopedia.ushmm.org/content/en/article/jewish-uprisings-in-ghettos-and-camps-1941-44,1,1,1.0,2.0
https://encyclopedia.ushmm.org/content/en/article/julius-streicher-biography,1,1,1.0,2.0
https://encyclopedia.ushmm.org/content/en/article/the-united-states-and-the-holocaust-1942-45,1,1,1.0,2.0
https://encyclopedia.ushmm.org/content/en/article/theresienstadt-red-cross-visit,1,1,1.0,2.0
https://encyclopedia.ushmm.org/content/en/article/varian-fry,1,1,1.0,2.0
https://encyclopedia.ushmm.org/content/en/document/certificate-of-aryan-descent,1,1,1.0,2.0
https://encyclopedia.ushmm.org/content/en/gallery/bergen-belsen-maps,1,1,1.0,2.0
https://encyclopedia.ushmm.org/content/en/gallery/treblinka-uprising,1,1,1.0,2.0
https://encyclopedia.ushmm.org/content/en/id-card/david-bayer,1,1,1.0,2.0
https://encyclopedia.ushmm.org/content/en/id-card/helena-manaster,1,1,1.0,2.0
https://encyclopedia.ushmm.org/content/en/id-card/ruth-huppert-elias,1,1,1.0,2.0
https://encyclopedia.ushmm.org/content/en/map/anschluss-march-1938,1,1,1.0,2.0
https://encyclopedia.ushmm.org/content/en/map/major-ghettos-in-occupied-europe,1,1,1.0,2.0
https://encyclopedia.ushmm.org/content/en/photo/former-prisoners-of-the-little-camp-in-buchenwald,1,1,1.0,2.0
https://encyclopedia.ushmm.org/content/en/question/how-did-different-goals-and-political-systems-shape-racism-in-nazi-germany-and-the-united-states,1,1,1.0,2.0
https://encyclopedia.ushmm.org/content/en/timeline-event/holocaust/1939-1941/massacre-in-fort-ix,1,1,1.0,2.0
https://encyclopedia.ushmm.org/content/en/timeline-event/holocaust/1942-1945/german-forces-launch-offensive-against-the-soviet-union,1,1,1.0,2.0
https://encyclopedia.ushmm.org/content/en/timeline-event/holocaust/before-1933/womens-suffrage-is-declared-in-germany,1,1,1.0,2.0
https://encyclopedia.ushmm.org/content/es/article/at-the-killing-centers,1,1,1.0,2.0
https://encyclopedia.ushmm.org/content/es/article/protocols-of-the-elders-of-zion,1,1,1.0,2.0
https://encyclopedia.ushmm.org/content/fa/article/world-war-ii-in-europe-abridged-article,1,1,1.0,2.0
https://encyclopedia.ushmm.org/content/fr/article/aryan-1,1,1,1.0,2.0
https://encyclopedia.ushmm.org/content/fr/article/axis-powers-in-world-war-ii,1,1,1.0,2.0
https://encyclopedia.ushmm.org/content/fr/article/genocide-of-european-roma-gypsies-1939-1945,1,1,1.0,2.0
https://encyclopedia.ushmm.org/content/id/article/world-war-i-aftermath,1,1,1.0,2.0
https://encyclopedia.ushmm.org/content/it/article/world-war-i,1,1,1.0,2.0
https://encyclopedia.ushmm.org/content/it/article/world-war-i-and-its-aftermath-key-dates,1,1,1.0,2.0
https://encyclopedia.ushmm.org/content/ja/article/at-the-killing-centers,1,1,1.0,2.0
https://encyclopedia.ushmm.org/content/ja/article/voyage-of-the-st-louis-1,1,1,1.0,2.0
https://encyclopedia.ushmm.org/content/ko/article/aryan-1,1,1,1.0,2.0
https://encyclopedia.ushmm.org/content/ko/article/german-soviet-pact,1,1,1.0,2.0
https://encyclopedia.ushmm.org/content/ko/article/ghettos-in-poland,1,1,1.0,2.0
https://encyclopedia.ushmm.org/content/ko/article/the-night-of-broken-glass,1,1,1.0,2.0
https://encyclopedia.ushmm.org/content/ko/film/theresienstadt,1,1,1.0,2.0
https://encyclopedia.ushmm.org/content/ru/article/antisemitism,1,1,1.0,2.0
https://encyclopedia.ushmm.org/content/ru/article/john-demjanjuk-prosecution-of-a-nazi-collaborator,1,1,1.0,2.0
https://encyclopedia.ushmm.org/content/ru/article/lesbians-under-the-nazi-regime,1,1,1.0,2.0
https://encyclopedia.ushmm.org/content/ru/article/nazi-racism-an-overview,1,1,1.0,2.0
https://encyclopedia.ushmm.org/content/ru/article/the-nazi-olympics-berlin-1936,1,1,1.0,2.0
https://encyclopedia.ushmm.org/content/ru/gallery/introduction-to-the-holocaust-photographs,1,1,1.0,2.0
https://encyclopedia.ushmm.org/content/ur/article/racism-abridged-article,1,1,1.0,2.0
https://encyclopedia.ushmm.org/content/zh/article/forced-labor-an-overview,1,1,1.0,2.0
https://encyclopedia.ushmm.org/content/zh/article/treblinka-abridged-article,1,1,1.0,2.0
https://encyclopedia.ushmm.org/content/zh/id-card/wilhelm-kusserow,1,1,1.0,2.0
https://encyclopedia.ushmm.org/content/zh/map/partition-of-czechoslovakia-1938-1939,1,1,1.0,2.0
https://encyclopedia.ushmm.org/en/a-z/song,1,1,1.0,2.0
https://encyclopedia.ushmm.org/index.php/content/en/timeline-event/holocaust/1939-1941/hitler-speech-to-german-parliament,1,1,1.0,2.0
https://encyclopedia.ushmm.org/index.php/content/en/timeline-event/holocaust/1942-1945/soviet-forces-liberate-auschwitz,1,1,1.0,2.0
https://encyclopedia.ushmm.org/index.php/content/ja/article/jews-in-prewar-germany,1,1,1.0,2.0
https://encyclopedia.ushmm.org/content/en/article/abba-kovner,1,1,1.0,3.0
https://encyclopedia.ushmm.org/content/en/article/american-foreign-and-war-correspondents,1,1,1.0,3.0
https://encyclopedia.ushmm.org/content/en/article/german-administration-of-poland,1,1,1.0,3.0
https://encyclopedia.ushmm.org/content/en/article/how-to-identify-reputable-historical-sources,1,1,1.0,3.0
https://encyclopedia.ushmm.org/content/en/article/mass-shootings-of-jews-during-the-holocaust,1,1,1.0,3.0
https://encyclopedia.ushmm.org/content/en/article/misuse-of-holocaust-imagery-today-when-is-it-antisemitism,1,1,1.0,3.0
https://encyclopedia.ushmm.org/content/en/article/muenchen-schwabing,1,1,1.0,3.0
https://encyclopedia.ushmm.org/content/en/article/natzweiler-struthof,1,1,1.0,3.0
https://encyclopedia.ushmm.org/content/en/article/nazi-hunting-simon-wiesenthal,1,1,1.0,3.0
https://encyclopedia.ushmm.org/content/en/article/reich-security-main-office-rsha,1,1,1.0,3.0
https://encyclopedia.ushmm.org/content/en/article/the-riegner-telegram,1,1,1.0,3.0
https://encyclopedia.ushmm.org/content/en/article/topf-and-sons-an-ordinary-company,1,1,1.0,3.0
https://encyclopedia.ushmm.org/content/en/gallery/history-of-the-swastika-photographs,1,1,1.0,3.0
https://encyclopedia.ushmm.org/content/en/gallery/introduction-to-the-holocaust-films,1,1,1.0,3.0
https://encyclopedia.ushmm.org/content/en/gallery/jewish-councils,1,1,1.0,3.0
https://encyclopedia.ushmm.org/content/en/gallery/protocols-of-the-elders-of-zion,1,1,1.0,3.0
https://encyclopedia.ushmm.org/content/en/gallery/refugees-maps,1,1,1.0,3.0
https://encyclopedia.ushmm.org/content/en/map/italy-1939,1,1,1.0,3.0
https://encyclopedia.ushmm.org/content/en/photo/eugenics-poster,1,1,1.0,3.0
https://encyclopedia.ushmm.org/content/en/photo/eva-justin-interviews-a-romani-woman-interned-in-a-gypsy-camp,1,1,1.0,3.0
https://encyclopedia.ushmm.org/content/en/photo/josef-gabcik,1,1,1.0,3.0
https://encyclopedia.ushmm.org/content/en/series/the-holocaust?parent=en/3298,1,1,1.0,3.0
https://encyclopedia.ushmm.org/content/en/timeline-event/holocaust/after-1945/kielce-pogrom,1,1,1.0,3.0
https://encyclopedia.ushmm.org/content/es/article/adolf-hitler,1,1,1.0,3.0
https://encyclopedia.ushmm.org/content/es/article/kiev-and-babi-yar,1,1,1.0,3.0
https://encyclopedia.ushmm.org/content/es/map/death-march-from-budapest-1944,1,1,1.0,3.0
https://encyclopedia.ushmm.org/content/fr/article/protocols-of-the-elders-of-zion-key-dates,1,1,1.0,3.0
https://encyclopedia.ushmm.org/content/fr/article/world-war-i-and-the-armenian-genocide,1,1,1.0,3.0
https://encyclopedia.ushmm.org/content/ja/article/ghettos,1,1,1.0,3.0
https://encyclopedia.ushmm.org/content/ja/article/mein-kampf,1,1,1.0,3.0
https://encyclopedia.ushmm.org/content/ja/article/protocols-of-the-elders-of-zion,1,1,1.0,3.0
https://encyclopedia.ushmm.org/content/ja/id-card/renate-guttmann,1,1,1.0,3.0
https://encyclopedia.ushmm.org/content/ko/article/adolf-eichmann-abridged-article,1,1,1.0,3.0
https://encyclopedia.ushmm.org/content/pt-br/article/protocols-of-the-elders-of-zion,1,1,1.0,3.0
https://encyclopedia.ushmm.org/content/ru/article/at-the-killing-centers,1,1,1.0,3.0
https://encyclopedia.ushmm.org/content/ru/article/liberation-of-nazi-camps,1,1,1.0,3.0
https://encyclopedia.ushmm.org/content/ru/article/nazi-rule,1,1,1.0,3.0
https://encyclopedia.ushmm.org/content/ru/film/pogrom-in-lvov,1,1,1.0,3.0
https://encyclopedia.ushmm.org/content/tr/article/antisemitism,1,1,1.0,3.0
https://encyclopedia.ushmm.org/content/uk/article/killing-centers-an-overview,1,1,1.0,3.0
https://encyclopedia.ushmm.org/content/zh/article/holocaust-denial-key-dates,1,1,1.0,3.0
https://encyclopedia.ushmm.org/content/zh/article/josef-mengele,1,1,1.0,3.0
https://encyclopedia.ushmm.org/content/zh/gallery/liberation-of-nazi-camps-photographs,1,1,1.0,3.0
https://encyclopedia.ushmm.org/index.php/content/en/timeline-event/holocaust/after-1945/rwandan-genocide-begins,1,1,1.0,3.0
https://encyclopedia.ushmm.org/tags/en/tag/diaries,1,1,1.0,3.0
https://encyclopedia.ushmm.org/content/ar/article/auschwitz,1,1,1.0,4.0
https://encyclopedia.ushmm.org/content/ar/article/world-war-ii-in-europe,1,1,1.0,4.0
https://encyclopedia.ushmm.org/content/de/article/pogroms,1,1,1.0,4.0
https://encyclopedia.ushmm.org/content/en/article/defining-the-enemy,1,1,1.0,4.0
https://encyclopedia.ushmm.org/content/en/article/franz-oppenheimer,1,1,1.0,4.0
https://encyclopedia.ushmm.org/content/en/article/international-military-tribunal-the-defendants,1,1,1.0,4.0
https://encyclopedia.ushmm.org/content/en/article/magnus-hirschfeld-2,1,1,1.0,4.0
https://encyclopedia.ushmm.org/content/en/article/richard-nikolaus-coudenhove-kalergi,1,1,1.0,4.0
https://encyclopedia.ushmm.org/content/en/article/the-police-in-the-weimar-republic,1,1,1.0,4.0
https://encyclopedia.ushmm.org/content/en/artifact/postwar-testimony-of-rudolf-hoss,1,1,1.0,4.0
https://encyclopedia.ushmm.org/content/en/gallery/hadamar,1,1,1.0,4.0
https://encyclopedia.ushmm.org/content/en/gallery/sighet-maps,1,1,1.0,4.0
https://encyclopedia.ushmm.org/content/en/gallery/the-night-of-broken-glass,1,1,1.0,4.0
https://encyclopedia.ushmm.org/content/en/id-card/magda-hellinger,1,1,1.0,4.0
https://encyclopedia.ushmm.org/content/en/project/diaries-and-journals,1,1,1.0,4.0
https://encyclopedia.ushmm.org/content/en/timeline-event/holocaust/1939-1941/wagner-rogers-bill,1,1,1.0,4.0
https://encyclopedia.ushmm.org/content/en/timeline-event/holocaust/1942-1945/last-gassing-at-hartheim,1,1,1.0,4.0
https://encyclopedia.ushmm.org/content/en/timeline-event/holocaust/1942-1945/wannsee-conference,1,1,1.0,4.0
https://encyclopedia.ushmm.org/content/es/article/eichmann-trial,1,1,1.0,4.0
https://encyclopedia.ushmm.org/content/fa/article/anne-frank-biography,1,1,1.0,4.0
https://encyclopedia.ushmm.org/content/fr/article/oradour-sur-glane,1,1,1.0,4.0
https://encyclopedia.ushmm.org/content/fr/article/the-armenian-genocide-1915-16-in-depth,1,1,1.0,4.0
https://encyclopedia.ushmm.org/content/fr/article/world-war-ii-in-europe,1,1,1.0,4.0
https://encyclopedia.ushmm.org/content/fr/photo/heinrich-mueller-chef-de-la-gestapo-la-police-secrete-detat-du-troisieme-reich,1,1,1.0,4.0
https://encyclopedia.ushmm.org/content/it/article/what-groups-of-people-did-the-nazis-target,1,1,1.0,4.0
https://encyclopedia.ushmm.org/content/ja/article/third-reich-an-overview,1,1,1.0,4.0
https://encyclopedia.ushmm.org/content/ja/map/european-jewish-population-distribution-ca-1933,1,1,1.0,4.0
https://encyclopedia.ushmm.org/content/ko/article/nazi-racism,1,1,1.0,4.0
https://encyclopedia.ushmm.org/content/ko/article/protocols-of-the-elders-of-zion,1,1,1.0,4.0
https://encyclopedia.ushmm.org/content/pt-br/article/auschwitz-1,1,1,1.0,4.0
https://encyclopedia.ushmm.org/content/pt-br/article/neville-chamberlain,1,1,1.0,4.0
https://encyclopedia.ushmm.org/content/ru/article/kiev-and-babi-yar,1,1,1.0,4.0
https://encyclopedia.ushmm.org/content/uk/article/nazi-racism,1,1,1.0,4.0
https://encyclopedia.ushmm.org/content/zh/article/bergen-belsen-abridged-article,1,1,1.0,4.0
https://encyclopedia.ushmm.org/content/zh/article/einsatzgruppen,1,1,1.0,4.0
https://encyclopedia.ushmm.org/content/zh/gallery/auschwitz-photographs,1,1,1.0,4.0
https://encyclopedia.ushmm.org/content/zh/gallery/jews-in-prewar-germany-1,1,1,1.0,4.0
https://encyclopedia.ushmm.org/content/zh/map/germany-1933,1,1,1.0,4.0
https://encyclopedia.ushmm.org/content/zh/map/greater-germany-1944,1,1,1.0,4.0
https://encyclopedia.ushmm.org/content/ar/article/mein-kampf,1,1,1.0,5.0
https://encyclopedia.ushmm.org/content/ar/article/nazi-racism-an-overview,1,1,1.0,5.0
https://encyclopedia.ushmm.org/content/ar/article/protocols-of-the-elders-of-zion-key-dates,1,1,1.0,5.0
https://encyclopedia.ushmm.org/content/ar/map/german-territorial-losses-treaty-of-versailles-1919,1,1,1.0,5.0
https://encyclopedia.ushmm.org/content/en/article/arrests-without-warrant-or-judicial-review,1,1,1.0,5.0
https://encyclopedia.ushmm.org/content/en/article/holocaust-deniers-and-public-misinformation,1,1,1.0,5.0
https://encyclopedia.ushmm.org/content/en/article/law-and-justice-in-the-third-reich,1,1,1.0,5.0
https://encyclopedia.ushmm.org/content/en/article/nazi-book-burnings-recurring-symbol,1,1,1.0,5.0
https://encyclopedia.ushmm.org/content/en/film/battle-for-danzig,1,1,1.0,5.0
https://encyclopedia.ushmm.org/content/en/film/ustasa-forces-round-up-villagers,1,1,1.0,5.0
https://encyclopedia.ushmm.org/content/en/gallery/ghettos-photographs,1,1,1.0,5.0
https://encyclopedia.ushmm.org/content/en/gallery/third-reich-abridged-article-maps,1,1,1.0,5.0
https://encyclopedia.ushmm.org/content/en/map/anne-frank-amsterdam-and-deportation,1,1,1.0,5.0
https://encyclopedia.ushmm.org/content/en/question/which-organizations-and-individuals-aided-and-protected-jews-from-persecution-between-1933-and-1945,1,1,1.0,5.0
https://encyclopedia.ushmm.org/content/en/series/gay-men-and-lesbians-under-the-nazi-regime,1,1,1.0,5.0
https://encyclopedia.ushmm.org/content/en/timeline-event/holocaust/1933-1938/churchills-disaster-of-the-first-magnitude-speech,1,1,1.0,5.0
https://encyclopedia.ushmm.org/content/en/timeline-event/holocaust/1939-1941/us-declares-war-on-japan,1,1,1.0,5.0
https://encyclopedia.ushmm.org/content/es/article/czechoslovakia,1,1,1.0,5.0
https://encyclopedia.ushmm.org/content/fr/article/the-soviet-union-and-the-eastern-front,1,1,1.0,5.0
https://encyclopedia.ushmm.org/content/id/article/what-is-genocide,1,1,1.0,5.0
https://encyclopedia.ushmm.org/content/it/article/world-war-ii-in-europe,1,1,1.0,5.0
https://encyclopedia.ushmm.org/content/ja/article/history-of-the-swastika,1,1,1.0,5.0
https://encyclopedia.ushmm.org/content/ko/article/jews-in-prewar-germany,1,1,1.0,5.0
https://encyclopedia.ushmm.org/content/ru/article/dachau-abridged-article,1,1,1.0,5.0
https://encyclopedia.ushmm.org/content/ru/map/german-territorial-losses-treaty-of-versailles-1919,1,1,1.0,5.0
https://encyclopedia.ushmm.org/content/zh/article/nazi-camps,1,1,1.0,5.0
https://encyclopedia.ushmm.org/content/zh/article/resistance-inside-germany,1,1,1.0,5.0
https://encyclopedia.ushmm.org/content/zh/gallery/world-war-ii-in-europe-films,1,1,1.0,5.0
https://encyclopedia.ushmm.org/index.php/content/en/timeline-event/holocaust/1942-1945/hitler-commits-suicide,1,1,1.0,5.0
https://encyclopedia.ushmm.org/zh/a-z/film?query=*:*&perPage=25&page=3,1,1,1.0,5.0
https://encyclopedia.ushmm.org/content/en/article/anna-seghers,1,1,1.0,6.0
https://encyclopedia.ushmm.org/content/en/article/arthur-seyss-inquart,1,1,1.0,6.0
https://encyclopedia.ushmm.org/content/en/article/belgium,1,1,1.0,6.0
https://encyclopedia.ushmm.org/content/en/article/concentration-camps-1942-45,1,1,1.0,6.0
https://encyclopedia.ushmm.org/content/en/article/germany-jewish-population-in-1933,1,1,1.0,6.0
https://encyclopedia.ushmm.org/content/en/article/henry-morgenthau,1,1,1.0,6.0
https://encyclopedia.ushmm.org/content/en/article/hermann-goering-key-dates,1,1,1.0,6.0
https://encyclopedia.ushmm.org/content/en/article/reinhard-heydrich-key-dates,1,1,1.0,6.0
https://encyclopedia.ushmm.org/content/en/film/romani-gypsy-children-used-in-racial-studies,1,1,1.0,6.0
https://encyclopedia.ushmm.org/content/en/oral-history/barbara-ledermann-rodbell-describes-receiving-her-first-set-of-false-papers,1,1,1.0,6.0
https://encyclopedia.ushmm.org/content/en/photo/poster-for-the-antisemitic-museum-exhibition-der-ewige-jude,1,1,1.0,6.0
https://encyclopedia.ushmm.org/content/en/timeline-event/holocaust/1933-1938/book-burning,1,1,1.0,6.0
https://encyclopedia.ushmm.org/content/es/article/ss-and-nazi-policy,1,1,1.0,6.0
https://encyclopedia.ushmm.org/content/fr/article/antisemitism-in-history-from-the-early-church-to-1400,1,1,1.0,6.0
https://encyclopedia.ushmm.org/content/fr/article/final-solution-abridged-article,1,1,1.0,6.0
https://encyclopedia.ushmm.org/content/it/article/world-war-ii-key-dates,1,1,1.0,6.0
https://encyclopedia.ushmm.org/content/ja/article/genocide-of-european-roma-gypsies-1939-1945,1,1,1.0,6.0
https://encyclopedia.ushmm.org/content/ja/article/international-military-tribunal-at-nuremberg,1,1,1.0,6.0
https://encyclopedia.ushmm.org/content/ko/article/world-war-i-treaties-and-reparations,1,1,1.0,6.0
https://encyclopedia.ushmm.org/content/ko/film/the-nazi-plan-hitlers-inner-circle,1,1,1.0,6.0
https://encyclopedia.ushmm.org/content/ru/article/hitler-youth-2,1,1,1.0,6.0
https://encyclopedia.ushmm.org/content/zh/article/indoctrinating-youth,1,1,1.0,6.0
https://encyclopedia.ushmm.org/content/zh/article/the-nazi-olympics-berlin-1936-african-american-voices-and-jim-crow-america,1,1,1.0,6.0
